{"blt7a0e2dcfa4139358":{"title":"Footer","locate_store":{"call_to_action":{"link":{"title":"Locate Store","href":"#"},"open_in_new_window":false,"type":"link","icon":null,"personalization_event_key":null},"copy":{"type":"doc","attrs":{},"uid":"f70fed14530848a1bf87d897b7974a34","children":[{"uid":"ff3221fd3eee4b43b6dd874549f82c61","type":"p","attrs":{},"children":[{"text":"The Store Locator is designed to help you find the closest store near you."}]}],"_version":4}},"link_sections":[{"title":"Account","_metadata":{"uid":"cseed0fc4267d4aee1"},"link":[{"link":{"title":"Sign In or Join","href":"#"},"_metadata":{"uid":"cs12e761699d6e6272"},"open_in_new_window":false,"type":"link","icon":null,"personalization_event_key":null},{"link":{"title":"Order Tracking","href":"#"},"_metadata":{"uid":"cs9f7cc6172bb7f330"},"open_in_new_window":false,"type":"link","icon":null,"personalization_event_key":null}]},{"title":"Customer Care","_metadata":{"uid":"cs139918e1c2933d81"},"link":[{"link":{"title":"Troubleshoot","href":"#"},"_metadata":{"uid":"csfed2bea8b8948f96"},"open_in_new_window":false,"type":"link","icon":null,"personalization_event_key":null},{"link":{"title":"Repair & Replacement","href":"#"},"_metadata":{"uid":"csd32d1105c0d7d81a"},"open_in_new_window":false,"type":"link","icon":null,"personalization_event_key":null},{"link":{"title":"Site Map","href":"#"},"_metadata":{"uid":"cs0d466e1895943d52"},"open_in_new_window":false,"type":"link","icon":null,"personalization_event_key":null},{"link":{"title":"Contact Us","href":"#"},"_metadata":{"uid":"cs9111a880fd5d35b5"},"open_in_new_window":false,"type":"link","icon":null,"personalization_event_key":null}]},{"title":"Our Company","_metadata":{"uid":"cs0918ab975fffea86"},"link":[{"link":{"title":"About Us","href":"/s/RefArch/en-us/about%20salesforce/about-us.html"},"_metadata":{"uid":"cs77cf35e56e643629"},"open_in_new_window":false,"type":"link","icon":null,"personalization_event_key":null},{"link":{"title":"Find a Store","href":"#"},"_metadata":{"uid":"csd3e852f97e3e3314"},"open_in_new_window":false,"type":"link","icon":null,"personalization_event_key":null},{"link":{"title":"Partnerships","href":"#"},"_metadata":{"uid":"csf8232279b4cdab56"},"open_in_new_window":false,"type":"link","icon":null,"personalization_event_key":null},{"link":{"title":"Terms & Conditions","href":"/s/RefArch/en-us/customer%20service/terms%20%26%20conditions/terms.html"},"_metadata":{"uid":"cs5a8006c1bfff7444"},"open_in_new_window":false,"type":"link","icon":null,"personalization_event_key":null}]}],"social_links":{"link":[{"link":{"title":"GitHub","href":"http://github.com"},"_metadata":{"uid":"csa51a010e84253542"},"open_in_new_window":false,"type":"icon","icon":null,"personalization_event_key":null},{"link":{"title":"Facebook","href":"http://facebook.com"},"_metadata":{"uid":"cs7e969d0b4835cd44"},"open_in_new_window":false,"type":"icon","icon":"fa-facebook-square","personalization_event_key":null},{"link":{"title":"LinkedIn","href":"http://linkedin.com"},"_metadata":{"uid":"csc8dd0b2418e320a3"},"open_in_new_window":false,"type":"icon","icon":"fa-linkedin-square","personalization_event_key":null},{"link":{"title":"Youtube","href":"https://www.youtube.com/"},"_metadata":{"uid":"cs4d5ba74e9fc80f1f"},"open_in_new_window":false,"type":"icon","icon":"fa-youtube-square","personalization_event_key":null}]},"copyright":{"type":"doc","attrs":{},"uid":"6498f45651db420bb21c7902d0747987","children":[{"uid":"72592d0d282f479d95e3fbd9d7d07b36","type":"p","attrs":{},"children":[{"text":"© 2022 Contentstack. All Rights Reserved."}]},{"uid":"699802d7117f476f824eeabd600e7bba","type":"p","attrs":{},"children":[{"text":"This is a demo store only. Orders made will NOT be processed."}]}],"_version":4},"tags":[],"locale":"en-us","uid":"blt7a0e2dcfa4139358","ACL":{},"_version":4,"_in_progress":false,"publish_details":[{"environment":"blt14797076e6b57fb6","locale":"es-us","time":"2025-10-08T18:31:09.767Z","user":"blt3ca5c3594d4a2916","version":3,"entry_locale":"es-us"},{"environment":"blta17a7bb33eb73ca4","locale":"es-us","time":"2025-10-08T18:31:09.767Z","user":"blt3ca5c3594d4a2916","version":3,"entry_locale":"es-us"},{"environment":"blt14797076e6b57fb6","locale":"en-us","time":"2025-10-08T18:31:09.607Z","user":"blt3ca5c3594d4a2916","version":4},{"environment":"blta17a7bb33eb73ca4","locale":"en-us","time":"2025-10-08T18:31:09.607Z","user":"blt3ca5c3594d4a2916","version":4}]}}