{"blt64ac3acb0afd65ed":{"title":"Existing Newsletter","newsletter":{"text":{"type":"doc","attrs":{},"uid":"b097ac4bdcef41dd8864bbdb8240618c","children":[{"uid":"8a5e912dc69c4681a9451c5653595d00","type":"p","attrs":{},"children":[{"text":"Sign up for exclusive benefits, promotions, and new product information"}]}],"_version":1},"placeholder":"Email","button_label":"Sign Up"},"tags":[],"locale":"en-us","uid":"blt64ac3acb0afd65ed","ACL":{},"_version":1,"_in_progress":false,"publish_details":[{"environment":"blt14797076e6b57fb6","locale":"es-us","time":"2025-10-09T16:46:17.579Z","user":"blt208bb0ce9c7fce90","version":2,"entry_locale":"es-us"},{"environment":"blta17a7bb33eb73ca4","locale":"es-us","time":"2025-10-09T16:46:17.579Z","user":"blt208bb0ce9c7fce90","version":2,"entry_locale":"es-us"},{"environment":"blt14797076e6b57fb6","locale":"en-us","time":"2026-01-06T19:14:03.264Z","user":"bltfc7446948990d3af","version":1},{"environment":"blta17a7bb33eb73ca4","locale":"en-us","time":"2026-01-06T19:14:03.264Z","user":"bltfc7446948990d3af","version":1}]}}