{"blt64ca4e51dea3a735":{"stackHeaders":{"api_key":"bltaab330c7b38122af","branch":"main"},"urlPath":"/assets/blt64ca4e51dea3a735","uid":"blt64ca4e51dea3a735","content_type":"image/png","file_size":"9076","tags":[],"filename":"Contentstack_Logo.png","url":"https://images.contentstack.io/v3/assets/bltaab330c7b38122af/blt64ca4e51dea3a735/68dd77fe9355330b8ea00fb4/Contentstack_Logo.png","ACL":{"roles":[],"others":{"read":false,"create":false,"update":false,"delete":false,"sub_acl":{"read":false,"create":false,"update":false,"delete":false,"publish":false}}},"is_dir":false,"parent_uid":null,"_version":1,"title":"Contentstack_Logo.png","publish_details":[{"environment":"blt14797076e6b57fb6","locale":"en-us","time":"2025-10-01T19:14:26.512Z","user":"blt3ca5c3594d4a2916","version":1},{"environment":"blta17a7bb33eb73ca4","locale":"en-us","time":"2025-10-01T19:14:26.512Z","user":"blt3ca5c3594d4a2916","version":1},{"environment":"blt14797076e6b57fb6","locale":"es-us","time":"2025-10-01T19:14:26.786Z","user":"blt3ca5c3594d4a2916","version":1},{"environment":"blta17a7bb33eb73ca4","locale":"es-us","time":"2025-10-01T19:14:26.786Z","user":"blt3ca5c3594d4a2916","version":1}]},"blt018ccc755abae2a0":{"stackHeaders":{"api_key":"bltaab330c7b38122af","branch":"main"},"urlPath":"/assets/blt018ccc755abae2a0","uid":"blt018ccc755abae2a0","content_type":"image/png","file_size":"725396","tags":[],"filename":"Rectangle_2.png","url":"https://images.contentstack.io/v3/assets/bltaab330c7b38122af/blt018ccc755abae2a0/68e816673e81f705e3944e8a/Rectangle_2.png","ACL":{"roles":[],"others":{"read":false,"create":false,"update":false,"delete":false,"sub_acl":{"read":false,"create":false,"update":false,"delete":false,"publish":false}}},"is_dir":false,"parent_uid":"bltee9e8dc40f58f054","_version":3,"title":"AdobeStock_367565991_formphotoeditor.com_optimized.jpg","description":"","publish_details":[{"environment":"blt14797076e6b57fb6","locale":"en-us","time":"2025-11-24T06:59:51.132Z","user":"blt20f769b6a1f126b7","version":3},{"environment":"blta17a7bb33eb73ca4","locale":"en-us","time":"2025-11-24T06:59:51.132Z","user":"blt20f769b6a1f126b7","version":3},{"environment":"blt14797076e6b57fb6","locale":"es-us","time":"2025-10-09T16:46:17.560Z","user":"blt208bb0ce9c7fce90","version":2},{"environment":"blta17a7bb33eb73ca4","locale":"es-us","time":"2025-10-09T16:46:17.560Z","user":"blt208bb0ce9c7fce90","version":2}]},"blt2861e88fdb0ea08a":{"stackHeaders":{"api_key":"bltaab330c7b38122af","branch":"main"},"urlPath":"/assets/blt2861e88fdb0ea08a","uid":"blt2861e88fdb0ea08a","content_type":"image/jpeg","file_size":"793441","tags":[],"filename":"MVP_Storefront_Homepage_Banner_(Small).jpg","url":"https://images.contentstack.io/v3/assets/bltaab330c7b38122af/blt2861e88fdb0ea08a/68deba50c51105d5825b09b8/MVP_Storefront_Homepage_Banner_(Small).jpg","ACL":{"roles":[],"others":{"read":false,"create":false,"update":false,"delete":false,"sub_acl":{"read":false,"create":false,"update":false,"delete":false,"publish":false}}},"is_dir":false,"parent_uid":"bltee9e8dc40f58f054","_version":1,"title":"MVP Storefront Homepage Banner (Small).jpg","publish_details":[{"environment":"blt14797076e6b57fb6","locale":"en-us","time":"2025-10-02T17:46:06.496Z","user":"blt3ca5c3594d4a2916","version":1},{"environment":"blta17a7bb33eb73ca4","locale":"en-us","time":"2025-10-02T17:46:06.496Z","user":"blt3ca5c3594d4a2916","version":1},{"environment":"blt14797076e6b57fb6","locale":"es-us","time":"2025-10-02T17:46:06.496Z","user":"blt3ca5c3594d4a2916","version":1},{"environment":"blta17a7bb33eb73ca4","locale":"es-us","time":"2025-10-02T17:46:06.496Z","user":"blt3ca5c3594d4a2916","version":1}]},"blt140eaf68b7995088":{"stackHeaders":{"api_key":"bltaab330c7b38122af","branch":"main"},"urlPath":"/assets/blt140eaf68b7995088","uid":"blt140eaf68b7995088","content_type":"image/jpeg","file_size":"423415","tags":[],"filename":"MVP_Storefront_Homepage_Promo_Banner_(Small).jpg","url":"https://images.contentstack.io/v3/assets/bltaab330c7b38122af/blt140eaf68b7995088/68deba50e505214da2424fd4/MVP_Storefront_Homepage_Promo_Banner_(Small).jpg","ACL":{"roles":[],"others":{"read":false,"create":false,"update":false,"delete":false,"sub_acl":{"read":false,"create":false,"update":false,"delete":false,"publish":false}}},"is_dir":false,"parent_uid":"bltee9e8dc40f58f054","_version":1,"title":"MVP Storefront Homepage Promo Banner (Small).jpg","publish_details":[{"environment":"blt14797076e6b57fb6","locale":"en-us","time":"2025-10-02T17:46:06.561Z","user":"blt3ca5c3594d4a2916","version":1},{"environment":"blta17a7bb33eb73ca4","locale":"en-us","time":"2025-10-02T17:46:06.561Z","user":"blt3ca5c3594d4a2916","version":1},{"environment":"blt14797076e6b57fb6","locale":"es-us","time":"2025-10-02T17:46:06.561Z","user":"blt3ca5c3594d4a2916","version":1},{"environment":"blta17a7bb33eb73ca4","locale":"es-us","time":"2025-10-02T17:46:06.561Z","user":"blt3ca5c3594d4a2916","version":1}]},"blte042998dbda2736f":{"stackHeaders":{"api_key":"bltaab330c7b38122af","branch":"main"},"urlPath":"/assets/blte042998dbda2736f","uid":"blte042998dbda2736f","content_type":"image/jpeg","file_size":"6093","tags":[],"filename":"mans-newarrival.jpg","url":"https://images.contentstack.io/v3/assets/bltaab330c7b38122af/blte042998dbda2736f/68dec985d0e856553d51e0bd/mans-newarrival.jpg","ACL":{"roles":[],"others":{"read":false,"create":false,"update":false,"delete":false,"sub_acl":{"read":false,"create":false,"update":false,"delete":false,"publish":false}}},"is_dir":false,"parent_uid":"blt4abbaeb35fdecea8","_version":1,"title":"mans-newarrival.jpg","publish_details":[]},"blt97a51c64640486dc":{"stackHeaders":{"api_key":"bltaab330c7b38122af","branch":"main"},"urlPath":"/assets/blt97a51c64640486dc","uid":"blt97a51c64640486dc","content_type":"image/webp","file_size":"25452","tags":[],"filename":"womens-top.webp","url":"https://images.contentstack.io/v3/assets/bltaab330c7b38122af/blt97a51c64640486dc/68dec98593553393dda01679/womens-top.webp","ACL":{"roles":[],"others":{"read":false,"create":false,"update":false,"delete":false,"sub_acl":{"read":false,"create":false,"update":false,"delete":false,"publish":false}}},"is_dir":false,"parent_uid":"blt4abbaeb35fdecea8","_version":1,"title":"womens-top.webp","publish_details":[{"environment":"blt14797076e6b57fb6","locale":"en-us","time":"2025-10-06T16:28:59.117Z","user":"blt3ca5c3594d4a2916","version":1},{"environment":"blta17a7bb33eb73ca4","locale":"en-us","time":"2025-10-06T16:28:59.117Z","user":"blt3ca5c3594d4a2916","version":1}]},"blt6721e6ac534889bb":{"stackHeaders":{"api_key":"bltaab330c7b38122af","branch":"main"},"urlPath":"/assets/blt6721e6ac534889bb","uid":"blt6721e6ac534889bb","content_type":"image/jpeg","file_size":"4953","tags":[],"filename":"mans-newarrival2.jpg","url":"https://images.contentstack.io/v3/assets/bltaab330c7b38122af/blt6721e6ac534889bb/68dec9851b16f7fa7ddd3e78/mans-newarrival2.jpg","ACL":{"roles":[],"others":{"read":false,"create":false,"update":false,"delete":false,"sub_acl":{"read":false,"create":false,"update":false,"delete":false,"publish":false}}},"is_dir":false,"parent_uid":"blt4abbaeb35fdecea8","_version":1,"title":"mans-newarrival2.jpg","publish_details":[{"environment":"blt14797076e6b57fb6","locale":"en-us","time":"2025-10-02T19:30:13.568Z","user":"blt3ca5c3594d4a2916","version":1},{"environment":"blta17a7bb33eb73ca4","locale":"en-us","time":"2025-10-02T19:30:13.568Z","user":"blt3ca5c3594d4a2916","version":1}]},"blt7aac63024bd3ad5e":{"stackHeaders":{"api_key":"bltaab330c7b38122af","branch":"main"},"urlPath":"/assets/blt7aac63024bd3ad5e","uid":"blt7aac63024bd3ad5e","content_type":"image/png","file_size":"1217947","tags":[],"filename":"Rectangle_1.png","url":"https://images.contentstack.io/v3/assets/bltaab330c7b38122af/blt7aac63024bd3ad5e/68dec986b0493a0c30ccd3a4/Rectangle_1.png","ACL":{"roles":[],"others":{"read":false,"create":false,"update":false,"delete":false,"sub_acl":{"read":false,"create":false,"update":false,"delete":false,"publish":false}}},"is_dir":false,"parent_uid":"blt4abbaeb35fdecea8","_version":1,"title":"Rectangle_1.png","publish_details":[{"environment":"blt14797076e6b57fb6","locale":"en-us","time":"2025-10-02T19:30:13.635Z","user":"blt3ca5c3594d4a2916","version":1},{"environment":"blta17a7bb33eb73ca4","locale":"en-us","time":"2025-10-02T19:30:13.635Z","user":"blt3ca5c3594d4a2916","version":1},{"environment":"blt14797076e6b57fb6","locale":"es-us","time":"2025-10-03T16:09:24.159Z","user":"blt3ca5c3594d4a2916","version":1},{"environment":"blta17a7bb33eb73ca4","locale":"es-us","time":"2025-10-03T16:09:24.159Z","user":"blt3ca5c3594d4a2916","version":1}]},"blt8083be41dbdbbd77":{"stackHeaders":{"api_key":"bltaab330c7b38122af","branch":"main"},"urlPath":"/assets/blt8083be41dbdbbd77","uid":"blt8083be41dbdbbd77","content_type":"image/jpeg","file_size":"94960","tags":[],"filename":"5885697.jpg","url":"https://images.contentstack.io/v3/assets/bltaab330c7b38122af/blt8083be41dbdbbd77/68e7e3026957648c459b254b/5885697.jpg","ACL":{"roles":[],"others":{"read":false,"create":false,"update":false,"delete":false,"sub_acl":{"read":false,"create":false,"update":false,"delete":false,"publish":false}}},"is_dir":false,"parent_uid":"blt4abbaeb35fdecea8","_version":3,"title":"Rectangle_1_copy_2.png","description":"","publish_details":[{"environment":"blt14797076e6b57fb6","locale":"en-us","time":"2025-10-09T16:37:50.328Z","user":"blt208bb0ce9c7fce90","version":3},{"environment":"blta17a7bb33eb73ca4","locale":"en-us","time":"2025-10-09T16:37:50.328Z","user":"blt208bb0ce9c7fce90","version":3},{"environment":"blt14797076e6b57fb6","locale":"es-us","time":"2025-10-09T16:46:17.540Z","user":"blt208bb0ce9c7fce90","version":3},{"environment":"blta17a7bb33eb73ca4","locale":"es-us","time":"2025-10-09T16:46:17.540Z","user":"blt208bb0ce9c7fce90","version":3}]},"bltd5c4a3345bfee525":{"stackHeaders":{"api_key":"bltaab330c7b38122af","branch":"main"},"urlPath":"/assets/bltd5c4a3345bfee525","uid":"bltd5c4a3345bfee525","content_type":"image/png","file_size":"1205056","tags":[],"filename":"Rectangle_36.png","url":"https://images.contentstack.io/v3/assets/bltaab330c7b38122af/bltd5c4a3345bfee525/68ded3446bd43533543c2ddc/Rectangle_36.png","ACL":{"roles":[],"others":{"read":false,"create":false,"update":false,"delete":false,"sub_acl":{"read":false,"create":false,"update":false,"delete":false,"publish":false}}},"is_dir":false,"parent_uid":"blt4abbaeb35fdecea8","_version":1,"title":"Rectangle_36.png","publish_details":[{"environment":"blt14797076e6b57fb6","locale":"en-us","time":"2025-10-02T19:33:05.077Z","user":"blt3ca5c3594d4a2916","version":1},{"environment":"blta17a7bb33eb73ca4","locale":"en-us","time":"2025-10-02T19:33:05.077Z","user":"blt3ca5c3594d4a2916","version":1},{"environment":"blt14797076e6b57fb6","locale":"es-us","time":"2025-10-03T16:09:24.188Z","user":"blt3ca5c3594d4a2916","version":1},{"environment":"blta17a7bb33eb73ca4","locale":"es-us","time":"2025-10-03T16:09:24.188Z","user":"blt3ca5c3594d4a2916","version":1}]},"blt5e8eaf9039bbe6ad":{"stackHeaders":{"api_key":"bltaab330c7b38122af","branch":"main"},"urlPath":"/assets/blt5e8eaf9039bbe6ad","uid":"blt5e8eaf9039bbe6ad","content_type":"image/jpeg","file_size":"1096141","tags":[],"filename":"AdobeStock_1392102845_copy.jpeg","url":"https://images.contentstack.io/v3/assets/bltaab330c7b38122af/blt5e8eaf9039bbe6ad/68e6de485369941dd83b05ce/AdobeStock_1392102845_copy.jpeg","ACL":{"roles":[],"others":{"read":false,"create":false,"update":false,"delete":false,"sub_acl":{"read":false,"create":false,"update":false,"delete":false,"publish":false}}},"is_dir":false,"parent_uid":null,"_version":1,"title":"AdobeStock_1392102845 copy.jpeg","publish_details":[]},"blt4fd1df0ac844c447":{"stackHeaders":{"api_key":"bltaab330c7b38122af","branch":"main"},"urlPath":"/assets/blt4fd1df0ac844c447","uid":"blt4fd1df0ac844c447","content_type":"image/jpeg","file_size":"187097","tags":[],"filename":"MVP_Terms_&_Conditions_Banner_(Small).jpeg","url":"https://images.contentstack.io/v3/assets/bltaab330c7b38122af/blt4fd1df0ac844c447/68e6de5d7ecb1f2b6d4604ae/MVP_Terms_&_Conditions_Banner_(Small).jpeg","ACL":{"roles":[],"others":{"read":false,"create":false,"update":false,"delete":false,"sub_acl":{"read":false,"create":false,"update":false,"delete":false,"publish":false}}},"is_dir":false,"parent_uid":null,"_version":1,"title":"MVP Terms & Conditions Banner (Small).jpeg","publish_details":[]},"blt7b3aa19f583f45b5":{"stackHeaders":{"api_key":"bltaab330c7b38122af","branch":"main"},"urlPath":"/assets/blt7b3aa19f583f45b5","uid":"blt7b3aa19f583f45b5","content_type":"image/jpeg","file_size":"10707250","tags":[],"filename":"AdobeStock_1050567007_(1).jpeg","url":"https://images.contentstack.io/v3/assets/bltaab330c7b38122af/blt7b3aa19f583f45b5/68e6de7b7ecb1f7fa24604b2/AdobeStock_1050567007_(1).jpeg","ACL":{"roles":[],"others":{"read":false,"create":false,"update":false,"delete":false,"sub_acl":{"read":false,"create":false,"update":false,"delete":false,"publish":false}}},"is_dir":false,"parent_uid":null,"_version":1,"title":"AdobeStock_1050567007 (1).jpeg","publish_details":[]},"blt25ec21df9bd6b4e1":{"stackHeaders":{"api_key":"bltaab330c7b38122af","branch":"main"},"urlPath":"/assets/blt25ec21df9bd6b4e1","uid":"blt25ec21df9bd6b4e1","content_type":"image/jpeg","file_size":"3925082","tags":[],"filename":"AdobeStock_305928424_copy.jpeg","url":"https://images.contentstack.io/v3/assets/bltaab330c7b38122af/blt25ec21df9bd6b4e1/68e6dfabb5c8cb0b7814ce1d/AdobeStock_305928424_copy.jpeg","ACL":{"roles":[],"others":{"read":false,"create":false,"update":false,"delete":false,"sub_acl":{"read":false,"create":false,"update":false,"delete":false,"publish":false}}},"is_dir":false,"parent_uid":null,"_version":2,"title":"MVP Terms & Conditions Banner (Small).jpeg","description":"","publish_details":[{"environment":"blt14797076e6b57fb6","locale":"en-us","time":"2025-10-08T22:05:13.040Z","user":"blt208bb0ce9c7fce90","version":2},{"environment":"blta17a7bb33eb73ca4","locale":"en-us","time":"2025-10-08T22:05:13.040Z","user":"blt208bb0ce9c7fce90","version":2},{"environment":"blt14797076e6b57fb6","locale":"es-us","time":"2025-10-08T23:47:35.629Z","user":"blt208bb0ce9c7fce90","version":2},{"environment":"blta17a7bb33eb73ca4","locale":"es-us","time":"2025-10-08T23:47:35.629Z","user":"blt208bb0ce9c7fce90","version":2}]},"blta421c534b8f3164f":{"stackHeaders":{"api_key":"bltaab330c7b38122af","branch":"main"},"urlPath":"/assets/blta421c534b8f3164f","uid":"blta421c534b8f3164f","content_type":"image/jpeg","file_size":"10707250","tags":[],"filename":"AdobeStock_1050567007_(1).jpeg","url":"https://images.contentstack.io/v3/assets/bltaab330c7b38122af/blta421c534b8f3164f/68e6df137ecb1f0ea64604bc/AdobeStock_1050567007_(1).jpeg","ACL":{"roles":[],"others":{"read":false,"create":false,"update":false,"delete":false,"sub_acl":{"read":false,"create":false,"update":false,"delete":false,"publish":false}}},"is_dir":false,"parent_uid":null,"_version":1,"title":"AdobeStock_1050567007 (1).jpeg","publish_details":[]},"blt79cc3b7923b18525":{"stackHeaders":{"api_key":"bltaab330c7b38122af","branch":"main"},"urlPath":"/assets/blt79cc3b7923b18525","uid":"blt79cc3b7923b18525","content_type":"image/jpeg","file_size":"5124283","tags":[],"filename":"AdobeStock_496185802.jpeg","url":"https://images.contentstack.io/v3/assets/bltaab330c7b38122af/blt79cc3b7923b18525/68e6df36c43e2fa0fc7bdc6f/AdobeStock_496185802.jpeg","ACL":{"roles":[],"others":{"read":false,"create":false,"update":false,"delete":false,"sub_acl":{"read":false,"create":false,"update":false,"delete":false,"publish":false}}},"is_dir":false,"parent_uid":null,"_version":1,"title":"AdobeStock_496185802.jpeg","publish_details":[]},"bltd4149a2aeb831378":{"stackHeaders":{"api_key":"bltaab330c7b38122af","branch":"main"},"urlPath":"/assets/bltd4149a2aeb831378","uid":"bltd4149a2aeb831378","content_type":"image/jpeg","file_size":"160272","tags":[],"filename":"AdobeStock_1050567007_(1)_copy.jpeg","url":"https://images.contentstack.io/v3/assets/bltaab330c7b38122af/bltd4149a2aeb831378/68e6df7dc43e2fc4d37bdc73/AdobeStock_1050567007_(1)_copy.jpeg","ACL":{"roles":[],"others":{"read":false,"create":false,"update":false,"delete":false,"sub_acl":{"read":false,"create":false,"update":false,"delete":false,"publish":false}}},"is_dir":false,"parent_uid":null,"_version":1,"title":"AdobeStock_1050567007 (1) copy.jpeg","publish_details":[]},"blt0da5db2b2ee58fb9":{"stackHeaders":{"api_key":"bltaab330c7b38122af","branch":"main"},"urlPath":"/assets/blt0da5db2b2ee58fb9","uid":"blt0da5db2b2ee58fb9","content_type":"image/jpeg","file_size":"1096141","tags":[],"filename":"AdobeStock_1392102845_copy.jpeg","url":"https://images.contentstack.io/v3/assets/bltaab330c7b38122af/blt0da5db2b2ee58fb9/68e6f9297ecb1f69de46053c/AdobeStock_1392102845_copy.jpeg","ACL":{"roles":[],"others":{"read":false,"create":false,"update":false,"delete":false,"sub_acl":{"read":false,"create":false,"update":false,"delete":false,"publish":false}}},"is_dir":false,"parent_uid":null,"_version":1,"title":"AdobeStock_1392102845 copy.jpeg","publish_details":[{"environment":"blt14797076e6b57fb6","locale":"en-us","time":"2025-10-08T23:52:52.911Z","user":"blt208bb0ce9c7fce90","version":1},{"environment":"blta17a7bb33eb73ca4","locale":"en-us","time":"2025-10-08T23:52:52.911Z","user":"blt208bb0ce9c7fce90","version":1}]},"blt9f9c67c7f33e9592":{"stackHeaders":{"api_key":"bltaab330c7b38122af","branch":"main"},"urlPath":"/assets/blt9f9c67c7f33e9592","uid":"blt9f9c67c7f33e9592","content_type":"image/jpeg","file_size":"1096141","tags":[],"filename":"AdobeStock_1392102845_copy.jpeg","url":"https://images.contentstack.io/v3/assets/bltaab330c7b38122af/blt9f9c67c7f33e9592/68e7e15443065097250b7581/AdobeStock_1392102845_copy.jpeg","ACL":{"roles":[],"others":{"read":false,"create":false,"update":false,"delete":false,"sub_acl":{"read":false,"create":false,"update":false,"delete":false,"publish":false}}},"is_dir":false,"parent_uid":null,"_version":1,"title":"AdobeStock_1392102845 copy.jpeg","publish_details":[{"environment":"blt14797076e6b57fb6","locale":"es-us","time":"2025-10-09T16:25:33.567Z","user":"blt208bb0ce9c7fce90","version":1},{"environment":"blta17a7bb33eb73ca4","locale":"es-us","time":"2025-10-09T16:25:33.567Z","user":"blt208bb0ce9c7fce90","version":1}]},"bltd093aec6a50bd834":{"stackHeaders":{"api_key":"bltaab330c7b38122af","branch":"main"},"urlPath":"/assets/bltd093aec6a50bd834","uid":"bltd093aec6a50bd834","content_type":"image/jpeg","file_size":"49251","tags":[],"filename":"6216978_copy.jpg","url":"https://images.contentstack.io/v3/assets/bltaab330c7b38122af/bltd093aec6a50bd834/68e7e3649975a55e8a97aa5b/6216978_copy.jpg","ACL":{"roles":[],"others":{"read":false,"create":false,"update":false,"delete":false,"sub_acl":{"read":false,"create":false,"update":false,"delete":false,"publish":false}}},"is_dir":false,"parent_uid":null,"_version":1,"title":"6216978 copy.jpg","publish_details":[{"environment":"blt14797076e6b57fb6","locale":"en-us","time":"2025-10-09T16:37:50.130Z","user":"blt208bb0ce9c7fce90","version":1},{"environment":"blta17a7bb33eb73ca4","locale":"en-us","time":"2025-10-09T16:37:50.130Z","user":"blt208bb0ce9c7fce90","version":1}]},"blt1f144463f351c4bc":{"stackHeaders":{"api_key":"bltaab330c7b38122af","branch":"main"},"urlPath":"/assets/blt1f144463f351c4bc","uid":"blt1f144463f351c4bc","content_type":"image/jpeg","file_size":"4254229","tags":[],"filename":"AdobeStock_523741380_copy.jpeg","url":"https://images.contentstack.io/v3/assets/bltaab330c7b38122af/blt1f144463f351c4bc/68e7e4b7ca1352c72881b972/AdobeStock_523741380_copy.jpeg","ACL":{"roles":[],"others":{"read":false,"create":false,"update":false,"delete":false,"sub_acl":{"read":false,"create":false,"update":false,"delete":false,"publish":false}}},"is_dir":false,"parent_uid":null,"_version":1,"title":"AdobeStock_523741380 copy.jpeg","publish_details":[{"environment":"blt14797076e6b57fb6","locale":"en-us","time":"2025-10-09T16:37:50.487Z","user":"blt208bb0ce9c7fce90","version":1},{"environment":"blta17a7bb33eb73ca4","locale":"en-us","time":"2025-10-09T16:37:50.487Z","user":"blt208bb0ce9c7fce90","version":1}]},"blt1056503cbf1d2627":{"stackHeaders":{"api_key":"bltaab330c7b38122af","branch":"main"},"urlPath":"/assets/blt1056503cbf1d2627","uid":"blt1056503cbf1d2627","content_type":"image/jpeg","file_size":"49251","tags":[],"filename":"6216978_copy.jpg","url":"https://images.contentstack.io/v3/assets/bltaab330c7b38122af/blt1056503cbf1d2627/68e7e525029e75adbb54e882/6216978_copy.jpg","ACL":{"roles":[],"others":{"read":false,"create":false,"update":false,"delete":false,"sub_acl":{"read":false,"create":false,"update":false,"delete":false,"publish":false}}},"is_dir":false,"parent_uid":null,"_version":1,"title":"6216978 copy.jpg","publish_details":[{"environment":"blt14797076e6b57fb6","locale":"es-us","time":"2025-10-09T16:46:17.460Z","user":"blt208bb0ce9c7fce90","version":1},{"environment":"blta17a7bb33eb73ca4","locale":"es-us","time":"2025-10-09T16:46:17.460Z","user":"blt208bb0ce9c7fce90","version":1}]},"blt20a46f9d7e5e3220":{"stackHeaders":{"api_key":"bltaab330c7b38122af","branch":"main"},"urlPath":"/assets/blt20a46f9d7e5e3220","uid":"blt20a46f9d7e5e3220","content_type":"image/jpeg","file_size":"4254229","tags":[],"filename":"AdobeStock_523741380_copy.jpeg","url":"https://images.contentstack.io/v3/assets/bltaab330c7b38122af/blt20a46f9d7e5e3220/68e7e6a1821fb700fd2cb133/AdobeStock_523741380_copy.jpeg","ACL":{"roles":[],"others":{"read":false,"create":false,"update":false,"delete":false,"sub_acl":{"read":false,"create":false,"update":false,"delete":false,"publish":false}}},"is_dir":false,"parent_uid":null,"_version":1,"title":"AdobeStock_523741380 copy.jpeg","publish_details":[{"environment":"blt14797076e6b57fb6","locale":"es-us","time":"2025-10-09T16:46:17.494Z","user":"blt208bb0ce9c7fce90","version":1},{"environment":"blta17a7bb33eb73ca4","locale":"es-us","time":"2025-10-09T16:46:17.494Z","user":"blt208bb0ce9c7fce90","version":1}]},"bltdff31f07fdc44e12":{"stackHeaders":{"api_key":"bltaab330c7b38122af","branch":"main"},"urlPath":"/assets/bltdff31f07fdc44e12","uid":"bltdff31f07fdc44e12","content_type":"image/jpeg","file_size":"94960","tags":[],"filename":"5885697.jpg","url":"https://images.contentstack.io/v3/assets/bltaab330c7b38122af/bltdff31f07fdc44e12/68e81694c7f3777de73fbd1d/5885697.jpg","ACL":{"roles":[],"others":{"read":false,"create":false,"update":false,"delete":false,"sub_acl":{"read":false,"create":false,"update":false,"delete":false,"publish":false}}},"is_dir":false,"parent_uid":null,"_version":1,"title":"5885697.jpg","publish_details":[]},"bltd848396cb025193b":{"stackHeaders":{"api_key":"bltaab330c7b38122af","branch":"main"},"urlPath":"/assets/bltd848396cb025193b","uid":"bltd848396cb025193b","content_type":"image/jpeg","file_size":"1105639","tags":[],"filename":"laura-guldner-rZjRXpDJUdw-unsplash.jpg","url":"https://images.contentstack.io/v3/assets/bltaab330c7b38122af/bltd848396cb025193b/68e816b91ec73e7dcbcf9769/laura-guldner-rZjRXpDJUdw-unsplash.jpg","ACL":{"roles":[],"others":{"read":false,"create":false,"update":false,"delete":false,"sub_acl":{"read":false,"create":false,"update":false,"delete":false,"publish":false}}},"is_dir":false,"parent_uid":null,"_version":1,"title":"laura-guldner-rZjRXpDJUdw-unsplash.jpg","publish_details":[]},"bltfbf14e106637b36e":{"stackHeaders":{"api_key":"bltaab330c7b38122af","branch":"main"},"urlPath":"/assets/bltfbf14e106637b36e","uid":"bltfbf14e106637b36e","content_type":"image/png","file_size":"2184924","tags":[],"filename":"Untitled_design.png","url":"https://images.contentstack.io/v3/assets/bltaab330c7b38122af/bltfbf14e106637b36e/68e816d19975a51ae597abf4/Untitled_design.png","ACL":{"roles":[],"others":{"read":false,"create":false,"update":false,"delete":false,"sub_acl":{"read":false,"create":false,"update":false,"delete":false,"publish":false}}},"is_dir":false,"parent_uid":null,"_version":1,"title":"Untitled design.png","publish_details":[]},"blta8bbb60ab1352d03":{"stackHeaders":{"api_key":"bltaab330c7b38122af","branch":"main"},"urlPath":"/assets/blta8bbb60ab1352d03","uid":"blta8bbb60ab1352d03","content_type":"image/png","file_size":"2110445","tags":[],"filename":"Rectangle_48.png","url":"https://images.contentstack.io/v3/assets/bltaab330c7b38122af/blta8bbb60ab1352d03/68e8172b758f5b2557d9f4a1/Rectangle_48.png","ACL":{"roles":[],"others":{"read":false,"create":false,"update":false,"delete":false,"sub_acl":{"read":false,"create":false,"update":false,"delete":false,"publish":false}}},"is_dir":false,"parent_uid":null,"_version":1,"title":"Rectangle 48.png","publish_details":[{"environment":"blt14797076e6b57fb6","locale":"en-us","time":"2025-10-09T20:13:04.641Z","user":"blt208bb0ce9c7fce90","version":1},{"environment":"blta17a7bb33eb73ca4","locale":"en-us","time":"2025-10-09T20:13:04.641Z","user":"blt208bb0ce9c7fce90","version":1}]},"blt022f210147ed5715":{"stackHeaders":{"api_key":"bltaab330c7b38122af","branch":"main"},"urlPath":"/assets/blt022f210147ed5715","uid":"blt022f210147ed5715","content_type":"image/png","file_size":"2110445","tags":[],"filename":"Rectangle_48.png","url":"https://images.contentstack.io/v3/assets/bltaab330c7b38122af/blt022f210147ed5715/68e8176690fcab3cc6ccc21b/Rectangle_48.png","ACL":{"roles":[],"others":{"read":false,"create":false,"update":false,"delete":false,"sub_acl":{"read":false,"create":false,"update":false,"delete":false,"publish":false}}},"is_dir":false,"parent_uid":null,"_version":1,"title":"Rectangle 48.png","publish_details":[{"environment":"blt14797076e6b57fb6","locale":"es-us","time":"2025-10-09T20:15:40.334Z","user":"blt208bb0ce9c7fce90","version":1},{"environment":"blta17a7bb33eb73ca4","locale":"es-us","time":"2025-10-09T20:15:40.334Z","user":"blt208bb0ce9c7fce90","version":1}]}}