[{"stackHeaders":{"api_key":"bltaab330c7b38122af","branch":"main"},"urlPath":"/assets/bltee9e8dc40f58f054","uid":"bltee9e8dc40f58f054","created_at":"2025-10-01T19:44:24.907Z","updated_at":"2025-10-01T19:44:24.907Z","created_by":"blt3ca5c3594d4a2916","updated_by":"blt3ca5c3594d4a2916","content_type":"application/vnd.contenstack.folder","tags":[],"name":"Banner","ACL":{"roles":[],"others":{"read":false,"create":false,"update":false,"delete":false,"sub_acl":{"read":false,"create":false,"update":false,"delete":false,"publish":false}}},"is_dir":true,"parent_uid":null,"_version":1},{"stackHeaders":{"api_key":"bltaab330c7b38122af","branch":"main"},"urlPath":"/assets/blt4abbaeb35fdecea8","uid":"blt4abbaeb35fdecea8","created_at":"2025-10-02T18:51:04.507Z","updated_at":"2025-10-02T18:51:04.507Z","created_by":"blt3ca5c3594d4a2916","updated_by":"blt3ca5c3594d4a2916","content_type":"application/vnd.contenstack.folder","tags":[],"name":"Category","ACL":{"roles":[],"others":{"read":false,"create":false,"update":false,"delete":false,"sub_acl":{"read":false,"create":false,"update":false,"delete":false,"publish":false}}},"is_dir":true,"parent_uid":null,"_version":1}]