{"1adf9c94-02f0-47d2-9d45-1b66bea1ea13-assets.json":[{"uid":"blt64ca4e51dea3a735","url":"https://images.contentstack.io/v3/assets/bltaab330c7b38122af/blt64ca4e51dea3a735/68dd77fe9355330b8ea00fb4/Contentstack_Logo.png","filename":"Contentstack_Logo.png","parent_uid":null},{"uid":"blt018ccc755abae2a0","url":"https://images.contentstack.io/v3/assets/bltaab330c7b38122af/blt018ccc755abae2a0/68e816673e81f705e3944e8a/Rectangle_2.png","filename":"Rectangle_2.png","parent_uid":"bltee9e8dc40f58f054"},{"uid":"blt2861e88fdb0ea08a","url":"https://images.contentstack.io/v3/assets/bltaab330c7b38122af/blt2861e88fdb0ea08a/68deba50c51105d5825b09b8/MVP_Storefront_Homepage_Banner_(Small).jpg","filename":"MVP_Storefront_Homepage_Banner_(Small).jpg","parent_uid":"bltee9e8dc40f58f054"},{"uid":"blt140eaf68b7995088","url":"https://images.contentstack.io/v3/assets/bltaab330c7b38122af/blt140eaf68b7995088/68deba50e505214da2424fd4/MVP_Storefront_Homepage_Promo_Banner_(Small).jpg","filename":"MVP_Storefront_Homepage_Promo_Banner_(Small).jpg","parent_uid":"bltee9e8dc40f58f054"},{"uid":"blte042998dbda2736f","url":"https://images.contentstack.io/v3/assets/bltaab330c7b38122af/blte042998dbda2736f/68dec985d0e856553d51e0bd/mans-newarrival.jpg","filename":"mans-newarrival.jpg","parent_uid":"blt4abbaeb35fdecea8"},{"uid":"blt97a51c64640486dc","url":"https://images.contentstack.io/v3/assets/bltaab330c7b38122af/blt97a51c64640486dc/68dec98593553393dda01679/womens-top.webp","filename":"womens-top.webp","parent_uid":"blt4abbaeb35fdecea8"},{"uid":"blt6721e6ac534889bb","url":"https://images.contentstack.io/v3/assets/bltaab330c7b38122af/blt6721e6ac534889bb/68dec9851b16f7fa7ddd3e78/mans-newarrival2.jpg","filename":"mans-newarrival2.jpg","parent_uid":"blt4abbaeb35fdecea8"},{"uid":"blt7aac63024bd3ad5e","url":"https://images.contentstack.io/v3/assets/bltaab330c7b38122af/blt7aac63024bd3ad5e/68dec986b0493a0c30ccd3a4/Rectangle_1.png","filename":"Rectangle_1.png","parent_uid":"blt4abbaeb35fdecea8"},{"uid":"blt8083be41dbdbbd77","url":"https://images.contentstack.io/v3/assets/bltaab330c7b38122af/blt8083be41dbdbbd77/68e7e3026957648c459b254b/5885697.jpg","filename":"5885697.jpg","parent_uid":"blt4abbaeb35fdecea8"},{"uid":"bltd5c4a3345bfee525","url":"https://images.contentstack.io/v3/assets/bltaab330c7b38122af/bltd5c4a3345bfee525/68ded3446bd43533543c2ddc/Rectangle_36.png","filename":"Rectangle_36.png","parent_uid":"blt4abbaeb35fdecea8"},{"uid":"blt5e8eaf9039bbe6ad","url":"https://images.contentstack.io/v3/assets/bltaab330c7b38122af/blt5e8eaf9039bbe6ad/68e6de485369941dd83b05ce/AdobeStock_1392102845_copy.jpeg","filename":"AdobeStock_1392102845_copy.jpeg","parent_uid":null},{"uid":"blt4fd1df0ac844c447","url":"https://images.contentstack.io/v3/assets/bltaab330c7b38122af/blt4fd1df0ac844c447/68e6de5d7ecb1f2b6d4604ae/MVP_Terms_&_Conditions_Banner_(Small).jpeg","filename":"MVP_Terms_&_Conditions_Banner_(Small).jpeg","parent_uid":null},{"uid":"blt7b3aa19f583f45b5","url":"https://images.contentstack.io/v3/assets/bltaab330c7b38122af/blt7b3aa19f583f45b5/68e6de7b7ecb1f7fa24604b2/AdobeStock_1050567007_(1).jpeg","filename":"AdobeStock_1050567007_(1).jpeg","parent_uid":null},{"uid":"blt25ec21df9bd6b4e1","url":"https://images.contentstack.io/v3/assets/bltaab330c7b38122af/blt25ec21df9bd6b4e1/68e6dfabb5c8cb0b7814ce1d/AdobeStock_305928424_copy.jpeg","filename":"AdobeStock_305928424_copy.jpeg","parent_uid":null},{"uid":"blta421c534b8f3164f","url":"https://images.contentstack.io/v3/assets/bltaab330c7b38122af/blta421c534b8f3164f/68e6df137ecb1f0ea64604bc/AdobeStock_1050567007_(1).jpeg","filename":"AdobeStock_1050567007_(1).jpeg","parent_uid":null},{"uid":"blt79cc3b7923b18525","url":"https://images.contentstack.io/v3/assets/bltaab330c7b38122af/blt79cc3b7923b18525/68e6df36c43e2fa0fc7bdc6f/AdobeStock_496185802.jpeg","filename":"AdobeStock_496185802.jpeg","parent_uid":null},{"uid":"bltd4149a2aeb831378","url":"https://images.contentstack.io/v3/assets/bltaab330c7b38122af/bltd4149a2aeb831378/68e6df7dc43e2fc4d37bdc73/AdobeStock_1050567007_(1)_copy.jpeg","filename":"AdobeStock_1050567007_(1)_copy.jpeg","parent_uid":null},{"uid":"blt0da5db2b2ee58fb9","url":"https://images.contentstack.io/v3/assets/bltaab330c7b38122af/blt0da5db2b2ee58fb9/68e6f9297ecb1f69de46053c/AdobeStock_1392102845_copy.jpeg","filename":"AdobeStock_1392102845_copy.jpeg","parent_uid":null},{"uid":"blt9f9c67c7f33e9592","url":"https://images.contentstack.io/v3/assets/bltaab330c7b38122af/blt9f9c67c7f33e9592/68e7e15443065097250b7581/AdobeStock_1392102845_copy.jpeg","filename":"AdobeStock_1392102845_copy.jpeg","parent_uid":null},{"uid":"bltd093aec6a50bd834","url":"https://images.contentstack.io/v3/assets/bltaab330c7b38122af/bltd093aec6a50bd834/68e7e3649975a55e8a97aa5b/6216978_copy.jpg","filename":"6216978_copy.jpg","parent_uid":null},{"uid":"blt1f144463f351c4bc","url":"https://images.contentstack.io/v3/assets/bltaab330c7b38122af/blt1f144463f351c4bc/68e7e4b7ca1352c72881b972/AdobeStock_523741380_copy.jpeg","filename":"AdobeStock_523741380_copy.jpeg","parent_uid":null},{"uid":"blt1056503cbf1d2627","url":"https://images.contentstack.io/v3/assets/bltaab330c7b38122af/blt1056503cbf1d2627/68e7e525029e75adbb54e882/6216978_copy.jpg","filename":"6216978_copy.jpg","parent_uid":null},{"uid":"blt20a46f9d7e5e3220","url":"https://images.contentstack.io/v3/assets/bltaab330c7b38122af/blt20a46f9d7e5e3220/68e7e6a1821fb700fd2cb133/AdobeStock_523741380_copy.jpeg","filename":"AdobeStock_523741380_copy.jpeg","parent_uid":null},{"uid":"bltdff31f07fdc44e12","url":"https://images.contentstack.io/v3/assets/bltaab330c7b38122af/bltdff31f07fdc44e12/68e81694c7f3777de73fbd1d/5885697.jpg","filename":"5885697.jpg","parent_uid":null},{"uid":"bltd848396cb025193b","url":"https://images.contentstack.io/v3/assets/bltaab330c7b38122af/bltd848396cb025193b/68e816b91ec73e7dcbcf9769/laura-guldner-rZjRXpDJUdw-unsplash.jpg","filename":"laura-guldner-rZjRXpDJUdw-unsplash.jpg","parent_uid":null},{"uid":"bltfbf14e106637b36e","url":"https://images.contentstack.io/v3/assets/bltaab330c7b38122af/bltfbf14e106637b36e/68e816d19975a51ae597abf4/Untitled_design.png","filename":"Untitled_design.png","parent_uid":null},{"uid":"blta8bbb60ab1352d03","url":"https://images.contentstack.io/v3/assets/bltaab330c7b38122af/blta8bbb60ab1352d03/68e8172b758f5b2557d9f4a1/Rectangle_48.png","filename":"Rectangle_48.png","parent_uid":null},{"uid":"blt022f210147ed5715","url":"https://images.contentstack.io/v3/assets/bltaab330c7b38122af/blt022f210147ed5715/68e8176690fcab3cc6ccc21b/Rectangle_48.png","filename":"Rectangle_48.png","parent_uid":null}]}