{"blt899b929ad6fd8e6e":{"title":"Home Page","url":"/home","seo":{"meta_title":"CS: Home Page Title","meta_description":"CS: Home Description","meta_keywords":"Contentstack, SFCC","meta_robots":"nofollow","canonical_url":"/s/RefArch/en-us/home","meta_tags":[]},"components":[{"banner":{"configuration":"existing","existing_banner":[{"uid":"blt24057f47ff2e235c","_content_type_uid":"hero_banner"}],"_metadata":{"uid":"csaa4884decd79820a"},"inline_banner":{"title":"Autumn Luxe!","image":{"uid":"blt018ccc755abae2a0","created_at":"2025-10-01T19:44:39.039Z","updated_at":"2025-10-09T20:09:11.207Z","created_by":"blt3ca5c3594d4a2916","updated_by":"blt208bb0ce9c7fce90","content_type":"image/png","file_size":"725396","tags":[],"filename":"Rectangle_2.png","url":"https://images.contentstack.io/v3/assets/bltaab330c7b38122af/blt018ccc755abae2a0/68e816673e81f705e3944e8a/Rectangle_2.png","ACL":[],"is_dir":false,"parent_uid":"bltee9e8dc40f58f054","_version":3,"title":"AdobeStock_367565991_formphotoeditor.com_optimized.jpg","description":"","publish_details":[{"environment":"blt14797076e6b57fb6","locale":"en-us","time":"2025-11-24T06:59:51.132Z","user":"blt20f769b6a1f126b7","version":3},{"environment":"blta17a7bb33eb73ca4","locale":"en-us","time":"2025-11-24T06:59:51.132Z","user":"blt20f769b6a1f126b7","version":3},{"environment":"blt14797076e6b57fb6","locale":"es-us","time":"2025-10-09T16:46:17.560Z","user":"blt208bb0ce9c7fce90","version":2},{"environment":"blta17a7bb33eb73ca4","locale":"es-us","time":"2025-10-09T16:46:17.560Z","user":"blt208bb0ce9c7fce90","version":2}]},"slant":"none","cta":{"link":{"title":"Sasa","href":"#"},"open_in_new_window":false,"type":"link","icon":null,"personalization_event_key":null}}}},{"category_list":{"categories":[{"category":{"data":[{"categories":[{"id":"womens-outfits","image":"https://zybx-009.dx.commercecloud.salesforce.com/on/demandware.static/-/Sites-storefront-catalog-m-en/default/dwdfeecb24/images/slot/sub_banners/cat-banner-womens-outfits.jpg","name":"Outfits","onlineSubCategoriesCount":0,"pageDescription":"outfits","pageTitle":"outfits","parentCategoryId":"womens-clothing","parentCategoryTree":[{"id":"womens","name":"Womens"},{"id":"womens-clothing","name":"Clothing"},{"id":"womens-outfits","name":"Outfits"}],"c_enableCompare":false,"c_showInMenu":true},{"id":"womens-clothing-tops","image":"https://zybx-009.dx.commercecloud.salesforce.com/on/demandware.static/-/Sites-storefront-catalog-m-en/default/dw33217e4d/images/slot/sub_banners/cat-banner-womens-tops.jpg","name":"Tops","onlineSubCategoriesCount":0,"pageDescription":"Shop Women's Shirts. Short and long sleeve, Oxford, smart, casual and classic styles for unbeatable comfort from your desk to the great outdoors at Commerce Cloud.","pageKeywords":"womens shirt, womens dress shirt, womens woven shirt, womens office shirt, womens casual shirt","pageTitle":"Women's Tops including Short & Long Sleeve, Casual, Classic & More","parentCategoryId":"womens-clothing","parentCategoryTree":[{"id":"womens","name":"Womens"},{"id":"womens-clothing","name":"Clothing"},{"id":"womens-clothing-tops","name":"Tops"}],"c_enableCompare":true,"c_showInMenu":true,"c_sizeChartID":"womens-clothing","c_slotBannerImage":"https://zybx-009.dx.commercecloud.salesforce.com/on/demandware.static/-/Sites-storefront-catalog-m-en/default/dwacc87903/images/slot/landing/womens-clothing-tops.jpg"},{"id":"womens-clothing-dresses","image":"https://zybx-009.dx.commercecloud.salesforce.com/on/demandware.static/-/Sites-storefront-catalog-m-en/default/dw0f46a044/images/slot/sub_banners/cat-banner-womens-dresses.jpg","name":"Dresses","onlineSubCategoriesCount":0,"pageDescription":"Shop Women's dresses for all occasions including formal, evening and casual in a variety of colors at Commerce Cloud","pageTitle":"Women's Dresses for all Occasions","parentCategoryId":"womens-clothing","parentCategoryTree":[{"id":"womens","name":"Womens"},{"id":"womens-clothing","name":"Clothing"},{"id":"womens-clothing-dresses","name":"Dresses"}],"c_enableCompare":false,"c_showInMenu":true},{"id":"womens-clothing-bottoms","image":"https://zybx-009.dx.commercecloud.salesforce.com/on/demandware.static/-/Sites-storefront-catalog-m-en/default/dw22fda40d/images/slot/sub_banners/cat-banner-womens-bottoms.jpg","name":"Bottoms","onlineSubCategoriesCount":0,"pageDescription":"Shop Women's Trousers. Practical, easy-to-wear styles wherever you're headed. Check out Timberland's famous rugged, long-lasting trousers, jeans, cargo pants and more at Commerce Cloud.","pageKeywords":"womens pants, womens khaki pants, womens cargo pants, combat trousers, combat pants, combats, womens casual pants, womens jeans, womens denim jeans","pageTitle":"Women's Bottoms Including Khakis, Cargos, Trousers, Jeans & More","parentCategoryId":"womens-clothing","parentCategoryTree":[{"id":"womens","name":"Womens"},{"id":"womens-clothing","name":"Clothing"},{"id":"womens-clothing-bottoms","name":"Bottoms"}],"c_enableCompare":false,"c_showInMenu":true,"c_sizeChartID":"womens-clothing"},{"id":"womens-clothing-jackets","image":"https://zybx-009.dx.commercecloud.salesforce.com/on/demandware.static/-/Sites-storefront-catalog-m-en/default/dw022d8c33/images/slot/sub_banners/cat-banner-womens-jackets.jpg","name":"Jackets & Coats","onlineSubCategoriesCount":0,"pageDescription":"Shop Women's Jackets, Coats & Outerwear. Classic outdoor-tested garments with traditional styling details that provide comfort, insulation and ease of movement, whatever the weather at Commerce Cloud.","pageKeywords":"womens jackets, womens coats, womens leather jackets, womens waterproof jackets, womens insulated jackets, womens vests, womens water resistant jackets","pageTitle":"Women's Outerwear Including Jackets & Collections","parentCategoryId":"womens-clothing","parentCategoryTree":[{"id":"womens","name":"Womens"},{"id":"womens-clothing","name":"Clothing"},{"id":"womens-clothing-jackets","name":"Jackets & Coats"}],"c_enableCompare":false,"c_showInMenu":true,"c_sizeChartID":"womens-clothing"},{"id":"womens-clothing-feeling-red","image":"https://zybx-009.dx.commercecloud.salesforce.com/on/demandware.static/-/Sites-storefront-catalog-m-en/default/dw5aee3d78/images/slot/sub_banners/cat-banner-womens-red.jpg","name":"Feeling Red","onlineSubCategoriesCount":0,"pageDescription":"Shop our Women's Red Store. Shirts, sweaters, knits & more all in red.","pageKeywords":"red, clothing","pageTitle":"Womens Clothing All in Red","parentCategoryId":"womens-clothing","parentCategoryTree":[{"id":"womens","name":"Womens"},{"id":"womens-clothing","name":"Clothing"},{"id":"womens-clothing-feeling-red","name":"Feeling Red"}],"c_enableCompare":false,"c_showInMenu":true}],"id":"womens-clothing","image":"https://zybx-009.dx.commercecloud.salesforce.com/on/demandware.static/-/Sites-storefront-catalog-m-en/default/dwbb8b37c3/images/slot/sub_banners/cat-banner-womens-clothing.jpg","name":"Clothing","onlineSubCategoriesCount":6,"pageDescription":"Shop Women's Clothing. Relaxed, timeless classics you can rely on; from denim to corduroys and sweaters to shirts. Huge range of contemporary colours and eco-aware designs: great casualwear at Commerce Cloud","pageKeywords":"womens outerwear, womens tops, womens bottoms","pageTitle":"Womens Clothing Including Outerwear, Tops, Bottoms & More","parentCategoryId":"womens","parentCategoryTree":[{"id":"womens","name":"Womens"},{"id":"womens-clothing","name":"Clothing"}],"c_enableCompare":false,"c_showInMenu":true,"c_sizeChartID":"womens-clothing","c_slotBannerImage":"https://zybx-009.dx.commercecloud.salesforce.com/on/demandware.static/-/Sites-storefront-catalog-m-en/default/dwafc09124/images/slot/landing/cat-landing-slotbottom-womens-clothing.jpg","cs_metadata":{"multiConfigName":"SFCC-Category","isConfigDeleted":false}}],"type":"sfcc_category"},"_metadata":{"uid":"cs819c414f4bc64ea5"},"title":"Women's Clothing","image":{"uid":"blt7aac63024bd3ad5e","created_at":"2025-10-02T18:50:46.040Z","updated_at":"2025-10-02T18:51:23.255Z","created_by":"blt3ca5c3594d4a2916","updated_by":"blt3ca5c3594d4a2916","content_type":"image/png","file_size":"1217947","tags":[],"filename":"Rectangle_1.png","url":"https://images.contentstack.io/v3/assets/bltaab330c7b38122af/blt7aac63024bd3ad5e/68dec986b0493a0c30ccd3a4/Rectangle_1.png","ACL":[],"is_dir":false,"parent_uid":"blt4abbaeb35fdecea8","_version":1,"title":"Rectangle_1.png","publish_details":[{"environment":"blt14797076e6b57fb6","locale":"en-us","time":"2025-10-02T19:30:13.635Z","user":"blt3ca5c3594d4a2916","version":1},{"environment":"blta17a7bb33eb73ca4","locale":"en-us","time":"2025-10-02T19:30:13.635Z","user":"blt3ca5c3594d4a2916","version":1},{"environment":"blt14797076e6b57fb6","locale":"es-us","time":"2025-10-03T16:09:24.159Z","user":"blt3ca5c3594d4a2916","version":1},{"environment":"blta17a7bb33eb73ca4","locale":"es-us","time":"2025-10-03T16:09:24.159Z","user":"blt3ca5c3594d4a2916","version":1}]},"cta":{"link":{"title":"Click me","href":"/s/RefArch/en-us/womens/clothing"},"open_in_new_window":false,"type":"link","icon":null,"personalization_event_key":null}},{"category":{"data":[{"id":"womens-jewelry-earrings","image":"https://zybx-009.dx.commercecloud.salesforce.com/on/demandware.static/-/Sites-storefront-catalog-m-en/default/dw977a4f65/images/slot/sub_banners/cat-banner-womens-earrings.jpg","name":"Earrings","onlineSubCategoriesCount":0,"pageDescription":"Shop Women's earrings in a variety of colors and styles including button, clip on and curved at Commerce Cloud.","pageTitle":"Women's Earrings including Button Clip-on, Curved & More","parentCategoryId":"womens-jewelry","parentCategoryTree":[{"id":"womens","name":"Womens"},{"id":"womens-jewelry","name":"Jewelry"},{"id":"womens-jewelry-earrings","name":"Earrings"}],"c_enableCompare":false,"c_showInMenu":true,"c_cs_url":{"short":"/s/RefArch/en-us/womens/jewelry/earrings/","full":"https://zybx-009.dx.commercecloud.salesforce.com/s/RefArch/en-us/womens/jewelry/earrings/"},"cs_metadata":{"multiConfigName":"SFCC-Category","isConfigDeleted":false}}],"type":"sfcc_category"},"_metadata":{"uid":"cs79a0ffffc57cfac2"},"title":"Jewelry","image":{"uid":"blt8083be41dbdbbd77","created_at":"2025-10-02T18:50:46.149Z","updated_at":"2025-10-09T16:29:54.859Z","created_by":"blt3ca5c3594d4a2916","updated_by":"blt208bb0ce9c7fce90","content_type":"image/jpeg","file_size":"94960","tags":[],"filename":"5885697.jpg","url":"https://images.contentstack.io/v3/assets/bltaab330c7b38122af/blt8083be41dbdbbd77/68e7e3026957648c459b254b/5885697.jpg","ACL":[],"is_dir":false,"parent_uid":"blt4abbaeb35fdecea8","_version":3,"title":"Rectangle_1_copy_2.png","description":"","publish_details":[{"environment":"blt14797076e6b57fb6","locale":"en-us","time":"2025-10-09T16:37:50.328Z","user":"blt208bb0ce9c7fce90","version":3},{"environment":"blta17a7bb33eb73ca4","locale":"en-us","time":"2025-10-09T16:37:50.328Z","user":"blt208bb0ce9c7fce90","version":3},{"environment":"blt14797076e6b57fb6","locale":"es-us","time":"2025-10-09T16:46:17.540Z","user":"blt208bb0ce9c7fce90","version":3},{"environment":"blta17a7bb33eb73ca4","locale":"es-us","time":"2025-10-09T16:46:17.540Z","user":"blt208bb0ce9c7fce90","version":3}]},"cta":{"link":{"title":"Jewelry","href":"/s/RefArch/en-us/womens/jewelry"},"open_in_new_window":false,"type":"link","icon":null,"personalization_event_key":null}},{"category":{"data":[{"categories":[{"id":"mens-clothing-suits","image":"https://zybx-009.dx.commercecloud.salesforce.com/on/demandware.static/-/Sites-storefront-catalog-m-en/default/dw14bb957b/images/slot/sub_banners/cat-banner-mens-suits.jpg","name":"Suits","onlineSubCategoriesCount":0,"pageDescription":"Shop Men's suits for business or pleasure. Enjoy from a variety of different styles and cuts at Commerce Cloud.","pageTitle":"Mens Suits for Business and Casual","parentCategoryId":"mens-clothing","parentCategoryTree":[{"id":"mens","name":"Mens"},{"id":"mens-clothing","name":"Clothing"},{"id":"mens-clothing-suits","name":"Suits"}],"c_enableCompare":false,"c_showInMenu":true,"c_slotBannerImage":"https://zybx-009.dx.commercecloud.salesforce.com/on/demandware.static/-/Sites-storefront-catalog-m-en/default/dw6bf9a0e2/images/slot/landing/cat-landing-slotbottom-mens-suits.jpg"},{"id":"mens-clothing-jackets","image":"https://zybx-009.dx.commercecloud.salesforce.com/on/demandware.static/-/Sites-storefront-catalog-m-en/default/dwd41186e7/images/slot/sub_banners/cat-banner-mens-jackets.jpg","name":"Jackets & Coats","onlineSubCategoriesCount":0,"pageDescription":"Shop Men's Jackets, Coats & Outerwear. Classic outdoor-tested garments with traditional styling details that provide comfort, insulation and ease of movement, whatever the weather at Commerce Cloud.","pageKeywords":"mens jackets, mens coats, mens leather jackets, mens waterproof jackets, mens insulated jackets, mens vests, mens water resistant jackets","pageTitle":"Men's Jackets Including Jackets & Blazzers","parentCategoryId":"mens-clothing","parentCategoryTree":[{"id":"mens","name":"Mens"},{"id":"mens-clothing","name":"Clothing"},{"id":"mens-clothing-jackets","name":"Jackets & Coats"}],"c_enableCompare":false,"c_showInMenu":true,"c_sizeChartID":"mens-clothing","c_slotBannerImage":"https://zybx-009.dx.commercecloud.salesforce.com/on/demandware.static/-/Sites-storefront-catalog-m-en/default/dw1fd34052/images/slot/landing/cat-landing-slotbottom-mens-jackets.jpg"},{"id":"mens-clothing-dress-shirts","image":"https://zybx-009.dx.commercecloud.salesforce.com/on/demandware.static/-/Sites-storefront-catalog-m-en/default/dw9347c83f/images/slot/sub_banners/cat-banner-mens-shirts.jpg","name":"Dress Shirts","onlineSubCategoriesCount":0,"pageDescription":"Shop Men's dress shirts in a variety of colors and styles including striped, button down, non-iron & more at Commerce Cloud","pageTitle":"Men's Dress Shirts including Striped, Button Down, Non-Iron & More","parentCategoryId":"mens-clothing","parentCategoryTree":[{"id":"mens","name":"Mens"},{"id":"mens-clothing","name":"Clothing"},{"id":"mens-clothing-dress-shirts","name":"Dress Shirts"}],"c_enableCompare":true,"c_showInMenu":true,"c_slotBannerImage":"https://zybx-009.dx.commercecloud.salesforce.com/on/demandware.static/-/Sites-storefront-catalog-m-en/default/dw98a90440/images/slot/landing/cat-landing-slotbottom-mens-dressshirts.jpg"},{"id":"mens-clothing-shorts","image":"https://zybx-009.dx.commercecloud.salesforce.com/on/demandware.static/-/Sites-storefront-catalog-m-en/default/dwac593e4f/images/slot/sub_banners/cat-banner-mens-shorts.jpg","name":"Shorts","onlineSubCategoriesCount":0,"pageDescription":"Shop Men's spring shorts in cotton. Variety of different fits at Commerce Cloud","pageTitle":"Men's Spring Shorts","parentCategoryId":"mens-clothing","parentCategoryTree":[{"id":"mens","name":"Mens"},{"id":"mens-clothing","name":"Clothing"},{"id":"mens-clothing-shorts","name":"Shorts"}],"c_enableCompare":false,"c_showInMenu":true,"c_slotBannerImage":"https://zybx-009.dx.commercecloud.salesforce.com/on/demandware.static/-/Sites-storefront-catalog-m-en/default/dw26d5733a/images/slot/landing/cat-landing-slotbottom-mens-shorts.jpg"},{"id":"mens-clothing-pants","image":"https://zybx-009.dx.commercecloud.salesforce.com/on/demandware.static/-/Sites-storefront-catalog-m-en/default/dwe2133401/images/slot/sub_banners/cat-banner-mens-pants.jpg","name":"Pants","onlineSubCategoriesCount":0,"pageDescription":"Shop Men's Trousers. Practical, easy-to-wear styles wherever you're headed. Check out Commerce Cloud's famous rugged, long-lasting trousers, jeans, cargo pants and more at Commerce Cloud.","pageKeywords":"mens pants, mens khaki pants, mens cargo pants, combat trousers, combat pants, combats, mens casual pants, mens jeans, mens denim jeans","pageTitle":"Men's Pants Including Khakis, Cargos, Trousers, Jeans & More","parentCategoryId":"mens-clothing","parentCategoryTree":[{"id":"mens","name":"Mens"},{"id":"mens-clothing","name":"Clothing"},{"id":"mens-clothing-pants","name":"Pants"}],"c_enableCompare":false,"c_showInMenu":true,"c_sizeChartID":"mens-clothing","c_slotBannerImage":"https://zybx-009.dx.commercecloud.salesforce.com/on/demandware.static/-/Sites-storefront-catalog-m-en/default/dwed5e4a9d/images/slot/landing/cat-landing-slotbottom-mens-pants.jpg"}],"id":"mens-clothing","image":"https://zybx-009.dx.commercecloud.salesforce.com/on/demandware.static/-/Sites-storefront-catalog-m-en/default/dw1d78e1d0/images/slot/sub_banners/cat-banner-mens-clothing.jpg","name":"Clothing","onlineSubCategoriesCount":5,"pageDescription":"Shop Men's Clothing. Relaxed, timeless classics you can rely on; from denim to corduroys and sweaters to shirts. Huge range of contemporary colours and eco-aware designs: great casualwear at Commerce Cloud.","pageKeywords":"mens outerwear, mens tops, mens bottoms","pageTitle":"Mens Clothing Including Suits, Tops, Bottoms & More","parentCategoryId":"mens","parentCategoryTree":[{"id":"mens","name":"Mens"},{"id":"mens-clothing","name":"Clothing"}],"c_enableCompare":false,"c_showInMenu":true,"cs_metadata":{"multiConfigName":"SFCC-Category","isConfigDeleted":false}}],"type":"sfcc_category"},"_metadata":{"uid":"csd012bfa8a7723e00"},"title":"Men's Jackets","image":{"uid":"bltd5c4a3345bfee525","created_at":"2025-10-02T19:32:20.293Z","updated_at":"2025-10-02T19:32:20.293Z","created_by":"blt3ca5c3594d4a2916","updated_by":"blt3ca5c3594d4a2916","content_type":"image/png","file_size":"1205056","tags":[],"filename":"Rectangle_36.png","url":"https://images.contentstack.io/v3/assets/bltaab330c7b38122af/bltd5c4a3345bfee525/68ded3446bd43533543c2ddc/Rectangle_36.png","ACL":[],"is_dir":false,"parent_uid":"blt4abbaeb35fdecea8","_version":1,"title":"Rectangle_36.png","publish_details":[{"environment":"blt14797076e6b57fb6","locale":"en-us","time":"2025-10-02T19:33:05.077Z","user":"blt3ca5c3594d4a2916","version":1},{"environment":"blta17a7bb33eb73ca4","locale":"en-us","time":"2025-10-02T19:33:05.077Z","user":"blt3ca5c3594d4a2916","version":1},{"environment":"blt14797076e6b57fb6","locale":"es-us","time":"2025-10-03T16:09:24.188Z","user":"blt3ca5c3594d4a2916","version":1},{"environment":"blta17a7bb33eb73ca4","locale":"es-us","time":"2025-10-03T16:09:24.188Z","user":"blt3ca5c3594d4a2916","version":1}]},"cta":{"link":{"title":"New Coats","href":"/s/RefArch/en-us/mens/clothing/jackets%20%26%20coats/"},"open_in_new_window":false,"type":"link","icon":null,"personalization_event_key":null}},{"category":{"data":[{"categories":[{"id":"newarrivals-womens","image":"https://zybx-009.dx.commercecloud.salesforce.com/on/demandware.static/-/Sites-storefront-catalog-m-en/default/dwbb8b37c3/images/slot/sub_banners/cat-banner-womens-clothing.jpg","name":"Womens","onlineSubCategoriesCount":0,"pageDescription":"New Arrivals in womens fashionable and stylish Shoes, jackets and  all other clothing for unbeatable comfort day in, day out. Practical and fashionable styles wherever the occasion.","pageTitle":"New Arrivals in Women's Footwear, Outerwear, Clothing & Accessories","parentCategoryId":"newarrivals","parentCategoryTree":[{"id":"newarrivals","name":"New Arrivals"},{"id":"newarrivals-womens","name":"Womens"}],"c_enableCompare":false,"c_showInMenu":true,"c_slotBannerImage":"https://zybx-009.dx.commercecloud.salesforce.com/on/demandware.static/-/Sites-storefront-catalog-m-en/default/dwafc09124/images/slot/landing/cat-landing-slotbottom-womens-clothing.jpg"},{"id":"newarrivals-mens","image":"https://zybx-009.dx.commercecloud.salesforce.com/on/demandware.static/-/Sites-storefront-catalog-m-en/default/dw1d78e1d0/images/slot/sub_banners/cat-banner-mens-clothing.jpg","name":"Mens","onlineSubCategoriesCount":0,"pageDescription":"New Arrivals in Mens  jackets and clothing for unbeatable comfort day in, day out. Practical, easy-to-wear styles wherever you're headed.","pageTitle":"New Arrivals in Men's Clothing, Suits & Accessories","parentCategoryId":"newarrivals","parentCategoryTree":[{"id":"newarrivals","name":"New Arrivals"},{"id":"newarrivals-mens","name":"Mens"}],"c_enableCompare":false,"c_showInMenu":true,"c_slotBannerImage":"https://zybx-009.dx.commercecloud.salesforce.com/on/demandware.static/-/Sites-storefront-catalog-m-en/default/dw98a90440/images/slot/landing/cat-landing-slotbottom-mens-dressshirts.jpg"},{"id":"newarrivals-electronics","image":"https://zybx-009.dx.commercecloud.salesforce.com/on/demandware.static/-/Sites-storefront-catalog-m-en/default/dwbca9c62a/images/slot/sub_banners/cat-banner-electronics.jpg","name":"Electronics","onlineSubCategoriesCount":0,"pageDescription":"Shop New Arrivals in Electronics including the latest in televisions, digital cameras, camcorders, mp3, ipod, mobil phones, GPS & gaming at Commerce Cloud.","pageTitle":"Shop New Arrivals in Electronics Including Televisions, Digital Cameras, iPods & More","parentCategoryId":"newarrivals","parentCategoryTree":[{"id":"newarrivals","name":"New Arrivals"},{"id":"newarrivals-electronics","name":"Electronics"}],"c_enableCompare":false,"c_showInMenu":true,"c_slotBannerImage":"https://zybx-009.dx.commercecloud.salesforce.com/on/demandware.static/-/Sites-storefront-catalog-m-en/default/dwfe5f8579/images/slot/landing/cat-landing-slotbottom-electronics.jpg"}],"id":"newarrivals","name":"New Arrivals","onlineSubCategoriesCount":3,"pageDescription":"Shop all new arrivals including women and mens clothing, jewelry, accessories, suits & more at Commerce Cloud","pageTitle":"Women and Mens New Arrivals in Clothing, Jewelry, Accessories & More","parentCategoryId":"root","parentCategoryTree":[{"id":"newarrivals","name":"New Arrivals"}],"c_enableCompare":false,"c_headerMenuBanner":"<img alt=\"New Arrivals Image\" src=\"https://zybx-009.dx.commercecloud.salesforce.com/on/demandware.static/-/Sites-storefront-catalog-m-en/default/dwafc09124/images/slot/landing/cat-landing-slotbottom-womens-clothing.jpg\" width=\"225\" />","c_headerMenuOrientation":"Vertical","c_showInMenu":true,"c_cs_url":{"short":"/s/RefArch/en-us/new%20arrivals/","full":"https://zybx-009.dx.commercecloud.salesforce.com/s/RefArch/en-us/new%20arrivals/"},"cs_metadata":{"multiConfigName":"SFCC-Category","isConfigDeleted":false}}],"type":"sfcc_category"},"_metadata":{"uid":"cs09a4dfb2d44938ae"},"title":"Shop New Arrivals","image":{"uid":"bltd093aec6a50bd834","created_at":"2025-10-09T16:31:32.843Z","updated_at":"2025-10-09T16:31:32.843Z","created_by":"blt208bb0ce9c7fce90","updated_by":"blt208bb0ce9c7fce90","content_type":"image/jpeg","file_size":"49251","tags":[],"filename":"6216978_copy.jpg","url":"https://images.contentstack.io/v3/assets/bltaab330c7b38122af/bltd093aec6a50bd834/68e7e3649975a55e8a97aa5b/6216978_copy.jpg","ACL":[],"is_dir":false,"parent_uid":null,"_version":1,"title":"6216978 copy.jpg","publish_details":[{"environment":"blt14797076e6b57fb6","locale":"en-us","time":"2025-10-09T16:37:50.130Z","user":"blt208bb0ce9c7fce90","version":1},{"environment":"blta17a7bb33eb73ca4","locale":"en-us","time":"2025-10-09T16:37:50.130Z","user":"blt208bb0ce9c7fce90","version":1}]},"cta":{"link":{"title":"Accessories","href":"/s/RefArch/en-us/womens/jewelry/earrings/"},"open_in_new_window":false,"type":"link","icon":null,"personalization_event_key":null}}],"_metadata":{"uid":"csd77b4a5309f36f45"}}},{"product_list":{"products":{"data":[{"id":"25697087M","name":"No-Iron Easy Care Sleeveless Shirt","price":65,"slugUrl":"https://zybx-009.dx.commercecloud.salesforce.com/s/RefArch/en-us/no-iron-easy-care-sleeveless-shirt/25697087M.html","c_cs_url":{"short":"/s/RefArch/en-us/no-iron-easy-care-sleeveless-shirt/25697087M.html","full":"https://zybx-009.dx.commercecloud.salesforce.com/s/RefArch/en-us/no-iron-easy-care-sleeveless-shirt/25697087M.html"},"cs_metadata":{"multiConfigName":"SFCC-Category","isConfigDeleted":false}},{"id":"25696638M","name":"Cap Sleeve Wrap Dress","price":149,"slugUrl":"https://zybx-009.dx.commercecloud.salesforce.com/s/RefArch/en-us/cap-sleeve-wrap-dress/25696638M.html","c_cs_url":{"short":"/s/RefArch/en-us/cap-sleeve-wrap-dress/25696638M.html","full":"https://zybx-009.dx.commercecloud.salesforce.com/s/RefArch/en-us/cap-sleeve-wrap-dress/25696638M.html"},"cs_metadata":{"multiConfigName":"SFCC-Category","isConfigDeleted":false}},{"id":"25697682M","name":"Woven Trimmed Cardigan","price":89,"slugUrl":"https://zybx-009.dx.commercecloud.salesforce.com/s/RefArch/en-us/woven-trimmed-cardigan/25697682M.html","c_cs_url":{"short":"/s/RefArch/en-us/woven-trimmed-cardigan/25697682M.html","full":"https://zybx-009.dx.commercecloud.salesforce.com/s/RefArch/en-us/woven-trimmed-cardigan/25697682M.html"},"cs_metadata":{"multiConfigName":"SFCC-Category","isConfigDeleted":false}},{"id":"25604524M","name":"Black Single Pleat Athletic Fit Wool Suit","price":299.99,"slugUrl":"https://zybx-009.dx.commercecloud.salesforce.com/s/RefArch/en-us/black-single-pleat-athletic-fit-wool-suit/25604524M.html","c_cs_url":{"short":"/s/RefArch/en-us/black-single-pleat-athletic-fit-wool-suit/25604524M.html","full":"https://zybx-009.dx.commercecloud.salesforce.com/s/RefArch/en-us/black-single-pleat-athletic-fit-wool-suit/25604524M.html"},"cs_metadata":{"multiConfigName":"SFCC-Category","isConfigDeleted":false}},{"id":"25720054M","name":"Cluster Drop Earring","price":26,"slugUrl":"https://zybx-009.dx.commercecloud.salesforce.com/s/RefArch/en-us/cluster-drop-earring/25720054M.html","c_cs_url":{"short":"/s/RefArch/en-us/cluster-drop-earring/25720054M.html","full":"https://zybx-009.dx.commercecloud.salesforce.com/s/RefArch/en-us/cluster-drop-earring/25720054M.html"},"cs_metadata":{"multiConfigName":"SFCC-Category","isConfigDeleted":false}}],"type":"sfcc_product"},"_metadata":{"uid":"cs56ed13ae6b856029"},"title":"Latest Collection","cta":{"link":{"title":"New arrivals","href":"/s/RefArch/en-us/electronics/televisions/projection/mitsubishi-wd-60C8"},"open_in_new_window":false,"type":"link","icon":null,"personalization_event_key":null},"position":2}},{"banner":{"configuration":"page-specific","existing_banner":[],"_metadata":{"uid":"cs1b5b0e38affa39cc"},"inline_banner":{"title":"Shop the Style","image":{"uid":"blt1f144463f351c4bc","created_at":"2025-10-09T16:37:11.189Z","updated_at":"2025-10-09T16:37:11.189Z","created_by":"blt208bb0ce9c7fce90","updated_by":"blt208bb0ce9c7fce90","content_type":"image/jpeg","file_size":"4254229","tags":[],"filename":"AdobeStock_523741380_copy.jpeg","url":"https://images.contentstack.io/v3/assets/bltaab330c7b38122af/blt1f144463f351c4bc/68e7e4b7ca1352c72881b972/AdobeStock_523741380_copy.jpeg","ACL":[],"is_dir":false,"parent_uid":null,"_version":1,"title":"AdobeStock_523741380 copy.jpeg","publish_details":[{"environment":"blt14797076e6b57fb6","locale":"en-us","time":"2025-10-09T16:37:50.487Z","user":"blt208bb0ce9c7fce90","version":1},{"environment":"blta17a7bb33eb73ca4","locale":"en-us","time":"2025-10-09T16:37:50.487Z","user":"blt208bb0ce9c7fce90","version":1}]},"slant":"none","cta":{"link":{"title":"","href":""},"open_in_new_window":false,"type":null,"icon":null,"personalization_event_key":null}}}},{"newsletter":{"configuration":"existing","existing_newsletter":[{"uid":"blt64ac3acb0afd65ed","_content_type_uid":"newsletter"}],"_metadata":{"uid":"csa0a7af036c4dbe1b"},"inline_newsletter":{"text":{"type":"doc","uid":"e681d5d5265740ba9e2ffc5b4621743d","_version":25,"attrs":{},"children":[{"uid":"e0bd9bb0f6b14f0b9b030439819f49bc","type":"p","attrs":{},"children":[{"text":"Content Stack:","bold":true},{"text":" 20% Off on your first order when you subscribe"}]}]},"placeholder":"CS - Your Email","button_label":"CS-Subscribe"}}}],"tags":[],"locale":"en-us","uid":"blt899b929ad6fd8e6e","ACL":{},"_version":25,"_in_progress":false,"publish_details":[{"environment":"blt14797076e6b57fb6","locale":"en-us","time":"2026-01-06T19:14:03.218Z","user":"bltfc7446948990d3af","version":25},{"environment":"blta17a7bb33eb73ca4","locale":"en-us","time":"2026-01-06T19:14:03.218Z","user":"bltfc7446948990d3af","version":25},{"environment":"blt14797076e6b57fb6","locale":"es-us","time":"2025-10-09T16:46:17.087Z","user":"blt208bb0ce9c7fce90","version":7,"entry_locale":"es-us"},{"environment":"blta17a7bb33eb73ca4","locale":"es-us","time":"2025-10-09T16:46:17.087Z","user":"blt208bb0ce9c7fce90","version":7,"entry_locale":"es-us"}]}}