{"blt7a0e2dcfa4139358":{"locale":"es-us","uid":"blt7a0e2dcfa4139358","ACL":{},"_in_progress":false,"_version":3,"copyright":{"type":"doc","attrs":{},"uid":"6498f45651db420bb21c7902d0747987","children":[{"uid":"def12e1bfa7c4447b4f710f90a2b3ea6","type":"p","attrs":{},"children":[{"text":"© 2022 Contentstack. Todos los derechos reservados."}]},{"uid":"7fc86977082c456d95710339baa3c3f5","type":"p","attrs":{},"children":[{"text":"Esta es únicamente una tienda de demostración. Los pedidos realizados NO serán procesados."}]}],"_version":3},"link_sections":[{"title":"Cuenta","_metadata":{"uid":"cse92083781ec85d94"},"link":[{"link":{"title":"Iniciar sesión o registrarse","href":"#"},"_metadata":{"uid":"cs4702bd8e9b1c72d9"},"open_in_new_window":false,"type":"link","icon":null,"personalization_event_key":null},{"link":{"title":"Seguimiento de pedidos","href":"#"},"_metadata":{"uid":"csefe93b6e4c19bd67"},"open_in_new_window":false,"type":"link","icon":null,"personalization_event_key":null}]},{"title":"Atención al cliente","_metadata":{"uid":"cseedfb037d4a7940b"},"link":[{"link":{"title":"Solucionar problemas","href":"#"},"_metadata":{"uid":"cs9d82ef5ef8bcd12c"},"open_in_new_window":false,"type":"link","icon":null,"personalization_event_key":null},{"link":{"title":"Reparación y reemplazo","href":"#"},"_metadata":{"uid":"cs7c5314b437646ab3"},"open_in_new_window":false,"type":"link","icon":null,"personalization_event_key":null},{"link":{"title":"Mapa del sitio","href":"#"},"_metadata":{"uid":"cs47dc8e2b88a5d071"},"open_in_new_window":false,"type":"link","icon":null,"personalization_event_key":null},{"link":{"title":"Contáctanos","href":"#"},"_metadata":{"uid":"csd1e1ec028ee49e1c"},"open_in_new_window":false,"type":"link","icon":null,"personalization_event_key":null}]},{"title":"Nuestra empresa","_metadata":{"uid":"cs721e0fc4b6949010"},"link":[{"link":{"title":"Acerca de nosotros","href":"/s/RefArch/en-us/about%20salesforce/about-us.html"},"_metadata":{"uid":"cs84fc6528b6e5c1fc"},"open_in_new_window":false,"type":"link","icon":null,"personalization_event_key":null},{"link":{"title":"Encuentra una tienda","href":"#"},"_metadata":{"uid":"csd1cb24759a67b266"},"open_in_new_window":false,"type":"link","icon":null,"personalization_event_key":null},{"link":{"title":"Alianzas","href":"#"},"_metadata":{"uid":"cs4d87b06e0f5f1026"},"open_in_new_window":false,"type":"link","icon":null,"personalization_event_key":null},{"link":{"title":"Términos y condiciones","href":"/s/RefArch/en-us/customer%20service/terms%20%26%20conditions/terms.html"},"_metadata":{"uid":"cs65c2bc40caf9e4e3"},"open_in_new_window":false,"type":"link","icon":null,"personalization_event_key":null}]}],"locate_store":{"call_to_action":{"link":{"title":"Ubicar tienda","href":"#"},"open_in_new_window":false,"type":"link","icon":null,"personalization_event_key":null},"copy":{"type":"doc","attrs":{},"uid":"f70fed14530848a1bf87d897b7974a34","children":[{"type":"p","uid":"1bbeab2321cb4bd2be88eb6a211f82bb","attrs":{},"children":[{"text":"El localizador de tiendas está diseñado para ayudarte a encontrar la tienda más cercana a ti."}]}],"_version":3}},"social_links":{"link":[{"link":{"title":"GitHub","href":"http://github.com"},"_metadata":{"uid":"csedc60ed563835649"},"open_in_new_window":false,"type":"icon","icon":null,"personalization_event_key":null},{"link":{"title":"Facebook","href":"http://facebook.com"},"_metadata":{"uid":"cs68f1572fc7e5d886"},"open_in_new_window":false,"type":"icon","icon":"fa-facebook-square","personalization_event_key":null},{"link":{"title":"LinkedIn","href":"http://linkedin.com"},"_metadata":{"uid":"cs10c7799da45ef724"},"open_in_new_window":false,"type":"icon","icon":"fa-linkedin-square","personalization_event_key":null},{"link":{"title":"Youtube","href":"https://www.youtube.com/"},"_metadata":{"uid":"cs01b09e532c9ed4ab"},"open_in_new_window":false,"type":"icon","icon":"fa-youtube-square","personalization_event_key":null}]},"tags":[],"title":"Footer","publish_details":[{"environment":"blt14797076e6b57fb6","locale":"es-us","time":"2025-10-08T18:31:09.767Z","user":"blt3ca5c3594d4a2916","version":3},{"environment":"blta17a7bb33eb73ca4","locale":"es-us","time":"2025-10-08T18:31:09.767Z","user":"blt3ca5c3594d4a2916","version":3}]}}