{"blta17a7bb33eb73ca4":{"stackHeaders":{"api_key":"bltaab330c7b38122af","branch":"main"},"urlPath":"/environments/production","urls":[{"url":"https://zybx-011.dx.commercecloud.salesforce.com/s/RefArch/en-us","locale":"en-us"},{"url":"https://zybx-011.dx.commercecloud.salesforce.com/s/RefArch/es-us","locale":"es-us"}],"name":"production","uid":"blta17a7bb33eb73ca4","created_by":"blt3ca5c3594d4a2916","updated_by":"blt39e8520068776768","created_at":"2025-09-25T18:21:50.114Z","updated_at":"2025-10-07T13:43:05.183Z","_version":3},"blt14797076e6b57fb6":{"stackHeaders":{"api_key":"bltaab330c7b38122af","branch":"main"},"urlPath":"/environments/uat","urls":[{"url":"https://zybx-009.dx.commercecloud.salesforce.com/s/RefArch/en-us","locale":"en-us"},{"url":"https://zybx-009.dx.commercecloud.salesforce.com/s/RefArch/es-us","locale":"es-us"}],"name":"uat","uid":"blt14797076e6b57fb6","created_by":"blt3ca5c3594d4a2916","updated_by":"blt39e8520068776768","created_at":"2025-09-25T18:20:45.561Z","updated_at":"2025-10-07T13:42:55.117Z","_version":4}}