{"blt24057f47ff2e235c":{"locale":"es-us","uid":"blt24057f47ff2e235c","ACL":{},"_in_progress":false,"_version":4,"banner":{"title":"Lujo Otoñal","image":{"uid":"blt018ccc755abae2a0","created_at":"2025-10-01T19:44:39.039Z","updated_at":"2025-10-09T20:09:11.207Z","created_by":"blt3ca5c3594d4a2916","updated_by":"blt208bb0ce9c7fce90","content_type":"image/png","file_size":"725396","tags":[],"filename":"Rectangle_2.png","url":"https://images.contentstack.io/v3/assets/bltaab330c7b38122af/blt018ccc755abae2a0/68e816673e81f705e3944e8a/Rectangle_2.png","ACL":[],"is_dir":false,"parent_uid":"bltee9e8dc40f58f054","_version":3,"title":"AdobeStock_367565991_formphotoeditor.com_optimized.jpg","description":"","publish_details":[{"environment":"blt14797076e6b57fb6","locale":"en-us","time":"2025-11-24T06:59:51.132Z","user":"blt20f769b6a1f126b7","version":3},{"environment":"blta17a7bb33eb73ca4","locale":"en-us","time":"2025-11-24T06:59:51.132Z","user":"blt20f769b6a1f126b7","version":3},{"environment":"blt14797076e6b57fb6","locale":"es-us","time":"2025-10-09T16:46:17.560Z","user":"blt208bb0ce9c7fce90","version":2},{"environment":"blta17a7bb33eb73ca4","locale":"es-us","time":"2025-10-09T16:46:17.560Z","user":"blt208bb0ce9c7fce90","version":2}]},"slant":"none","cta":{"link":{"title":"Lujo Otoñal","href":"#"},"open_in_new_window":false,"type":"link","icon":null,"personalization_event_key":"PROMOTIONAL_BANNER"}},"tags":[],"title":"Banner de Inicio Existente","publish_details":[{"environment":"blt14797076e6b57fb6","locale":"es-us","time":"2025-10-08T16:12:58.673Z","user":"blt3ca5c3594d4a2916","version":4},{"environment":"blta17a7bb33eb73ca4","locale":"es-us","time":"2025-10-08T16:12:58.673Z","user":"blt3ca5c3594d4a2916","version":4}]}}