{"blt791d0bb6b9e16f25":{"title":"Sleeveless Pleated Top","url":"/sleeveless-pleated-top/25696709M.html","seo":{"meta_title":"Sleeveless Pleated Top","meta_description":"Sleeveless Pleated Top","meta_keywords":"Sleeveless Pleated Top","meta_robots":"Sleeveless Pleated Top","canonical_url":"","meta_tags":[]},"product":{"data":[{"id":"25696709M","name":"Sleeveless Pleated Top.","price":74,"slugUrl":"https://zybx-009.dx.commercecloud.salesforce.com/s/RefArch/en-us/sleeveless-pleated-top/25696709M.html","c_cs_url":{"short":"/sleeveless-pleated-top/25696709M.html","full":"https://zybx-009.dx.commercecloud.salesforce.com/s/RefArch/en-us/sleeveless-pleated-top/25696709M.html"},"cs_metadata":{"multiConfigName":"SFCC-Category","isConfigDeleted":false}}],"type":"sfcc_product"},"components":[{"default_product_details":{"overwrite":true,"_metadata":{"uid":"csf9ae033d6cae96e7"},"overwrite_product_details":{"product_name":"Sleeveless Pleated Top","product_description":{"uid":"40e377a097364ac3901621aac2057340","type":"doc","_version":9,"attrs":{},"children":[{"type":"p","attrs":{},"uid":"3b89c6f654f845c8b77f878f8ef940c8","children":[{"text":"Add flair to any outfit with this sleeveless pleated top. A lightweight option with soft pleats that add texture and dimension. "}]}]},"product_details":{"uid":"af8fdec0209b4997a5926eb118dc565f","type":"doc","_version":9,"attrs":{},"children":[{"type":"p","attrs":{},"uid":"00c9f7d9af44405db762d83c369969df","children":[{"text":"Features"}]},{"uid":"f066e16d2e684a5293bb68a7d9314a90","type":"ul","children":[{"type":"li","attrs":{},"uid":"d6fa8ed3941a4bc181a39bf2df6f0960","children":[{"text":"Abstract Pattern"}]},{"uid":"1c1d0e0d4b0644e888ab564d99d09468","type":"li","children":[{"text":"Jewel Neck"}],"attrs":{}},{"uid":"97df517ae4f346b7852db015a800d026","type":"li","children":[{"text":"Sleeveless"}],"attrs":{}},{"uid":"6634f82a7d5a49068df6d95bfbeff7ce","type":"li","children":[{"text":"Imported"}],"attrs":{}}],"attrs":{}},{"uid":"9e9208721bbf4161ba6fe65d56704675","type":"p","children":[{"text":""}],"attrs":{}},{"uid":"69ad69cb90354d6485deb4545173af43","type":"p","attrs":{},"children":[{"text":"Materials & Care"}]},{"uid":"121240b030a8492fa1b9c0c1d4cdbdf8","type":"ul","children":[{"uid":"425c985c43d4430995c365d58c8863e2","type":"li","attrs":{},"children":[{"text":"Content : 96% Polyester, 4% Elastane"}]},{"uid":"110816dac55446e099c36da50b30bc79","type":"li","children":[{"text":"Care : Hand Wash & Line Dry"}],"attrs":{}}],"attrs":{}}]},"product_images":[]}}},{"recommended_products":{"show":true,"_metadata":{"uid":"csb2d04b69dc64bb9a"}}}],"tags":[],"locale":"en-us","uid":"blt791d0bb6b9e16f25","ACL":{},"_version":9,"_in_progress":false,"publish_details":[{"environment":"blt14797076e6b57fb6","locale":"es-us","time":"2025-10-09T20:05:41.992Z","user":"blt208bb0ce9c7fce90","version":4,"entry_locale":"es-us"},{"environment":"blta17a7bb33eb73ca4","locale":"es-us","time":"2025-10-09T20:05:41.992Z","user":"blt208bb0ce9c7fce90","version":4,"entry_locale":"es-us"},{"environment":"blt14797076e6b57fb6","locale":"en-us","time":"2025-10-09T20:03:48.024Z","user":"blt208bb0ce9c7fce90","version":8},{"environment":"blta17a7bb33eb73ca4","locale":"en-us","time":"2025-10-09T20:03:48.024Z","user":"blt208bb0ce9c7fce90","version":8}]},"blt14860fc46af4048a":{"title":"Floral Shirt Dress","url":"/floral-shirt-dress/25688608M.html","seo":{"meta_title":"Floral Shirt Dress","meta_description":"Floral Shirt Dress","meta_keywords":"Floral Shirt Dress","meta_robots":"Floral Shirt Dress","canonical_url":"","meta_tags":[]},"product":{"data":[{"id":"25688608M","name":"Floral Shirt Dress.","price":148,"slugUrl":"https://zybx-009.dx.commercecloud.salesforce.com/s/RefArch/en-us/floral-shirt-dress/25688608M.html","c_cs_url":{"short":"/s/RefArch/en-us/floral-shirt-dress/25688608M.html","full":"https://zybx-009.dx.commercecloud.salesforce.com/s/RefArch/en-us/floral-shirt-dress/25688608M.html"},"cs_metadata":{"multiConfigName":"SFCC-Category","isConfigDeleted":false}}],"type":"sfcc_product"},"components":[{"default_product_details":{"overwrite":true,"_metadata":{"uid":"csbea28ca71520c924"},"overwrite_product_details":{"product_name":"New Floral Shirt Dress","product_description":{"type":"doc","attrs":{},"uid":"2bde0b4e781642839e805fec059470e2","children":[{"type":"p","uid":"b2140afc4ec3435f9ae664f7ff620301","attrs":{},"children":[{"text":"This sleek sleeveless floral shirt dress features an elegant floral pattern that effortlessly elevates any ensemble. Crafted for versatility, it can be worn as smart office attire, a transitional day-to-night outfit, or for special occasions such as weddings. "}]}],"_version":6},"product_details":{"type":"doc","attrs":{},"uid":"b83697b928c549b4b331872ff4e133c9","children":[{"type":"p","uid":"04010aafe3bb4217874dfa0ef813cb11","attrs":{},"children":[{"text":"Features"}]},{"uid":"14c848584f334a8a810afb53af221e17","type":"ul","children":[{"uid":"893ddcad453047c4b625c366e82b9528","type":"li","children":[{"text":"Floral Pattern"}],"attrs":{}},{"uid":"f48d5860a8e046789ca4ceb5cff0cceb","type":"li","children":[{"text":"Sleeveless"}],"attrs":{}},{"type":"li","uid":"dab4f3c084f64d348c1ea01600220646","attrs":{},"children":[{"text":"Tailored Fit"}]}],"attrs":{}},{"uid":"3295b04316974a888a4e3970d2dcbd4c","type":"p","children":[{"text":""}],"attrs":{}},{"uid":"4c07ddc6ddba49dfac9ce91c10f2dfb8","type":"p","attrs":{},"children":[{"text":"Materials & Care"}]},{"uid":"f7654249311f45fb85bcf1c54fab77cd","type":"ul","children":[{"uid":"92285eff6e7c4dac92db2f7f17ee226b","type":"li","attrs":{},"children":[{"text":"Content : 82% Viscose, 18% Linen"}]},{"uid":"d76003d248f54a0fbeb07468be8226fa","type":"li","children":[{"text":"Care : Machine Wash Cold, Tumble Dry Low"}],"attrs":{}}],"attrs":{}}],"_version":6},"product_images":[]}}},{"recommended_products":{"show":true,"_metadata":{"uid":"cs1d6069c6bae63c60"}}}],"tags":[],"locale":"en-us","uid":"blt14860fc46af4048a","ACL":{},"_version":6,"_in_progress":false,"publish_details":[{"environment":"blt14797076e6b57fb6","locale":"es-us","time":"2025-10-09T18:54:01.248Z","user":"blt208bb0ce9c7fce90","version":7,"entry_locale":"es-us"},{"environment":"blta17a7bb33eb73ca4","locale":"es-us","time":"2025-10-09T18:54:01.248Z","user":"blt208bb0ce9c7fce90","version":7,"entry_locale":"es-us"},{"environment":"blt14797076e6b57fb6","locale":"en-us","time":"2025-10-09T18:52:04.083Z","user":"blt208bb0ce9c7fce90","version":6},{"environment":"blta17a7bb33eb73ca4","locale":"en-us","time":"2025-10-09T18:52:04.083Z","user":"blt208bb0ce9c7fce90","version":6}]},"bltdd69f03d573541eb":{"title":"This is my new product page","url":"/this-is-my-new-product-page","seo":{"meta_title":"","meta_description":"","meta_keywords":"","meta_robots":"","canonical_url":"","meta_tags":[]},"product":{},"components":[],"tags":[],"locale":"en-us","uid":"bltdd69f03d573541eb","ACL":{},"_version":1,"_in_progress":false,"publish_details":[]}}