{"blt1e0f1c9b16466a22":{"locale":"es-us","uid":"blt1e0f1c9b16466a22","ACL":{},"_in_progress":false,"_version":1,"accept_button_label":"Aceptar","consent_text":{"uid":"bed0c719d05146848ed7d3b31b62a20b","type":"doc","attrs":{},"children":[{"uid":"b31debe66eb6445cbb8cfea8035f2237","type":"p","attrs":{},"children":[{"text":"From CS:","bold":true},{"text":" Lorem ipsum dolor sit amet, consectetur adipiscing elit, sed do eiusmod tempor incididunt ut labore et dolore magna aliqua. Ut enim ad minim veniam, quis nostrud exercitation ullamco laboris nisi ut aliquip ex ea commodo consequat. Duis aute irure dolor in reprehenderit in voluptate velit esse cillum dolore eu fugiat nulla pariatur."}]}],"_version":1},"decline_button_label":"Rechazar","heading":"Consentimiento de seguimiento","tags":[],"title":"Tracking Consent","publish_details":[{"environment":"blt14797076e6b57fb6","locale":"es-us","time":"2025-10-01T19:46:30.149Z","user":"blt3ca5c3594d4a2916","version":1},{"environment":"blta17a7bb33eb73ca4","locale":"es-us","time":"2025-10-01T19:46:30.149Z","user":"blt3ca5c3594d4a2916","version":1}]}}