{"blt56638ec5db8cb9b6":{"locale":"es-us","uid":"blt56638ec5db8cb9b6","ACL":{},"_in_progress":false,"_version":3,"components":[{"banner":{"configuration":"page-specific","existing_banner":[{"uid":"blt24057f47ff2e235c","_content_type_uid":"hero_banner"}],"_metadata":{"uid":"cs4120cf96b05dd3e6"},"inline_banner":{"title":"Acerca de","image":{"uid":"blt9f9c67c7f33e9592","created_at":"2025-10-09T16:22:44.199Z","updated_at":"2025-10-09T16:22:44.199Z","created_by":"blt208bb0ce9c7fce90","updated_by":"blt208bb0ce9c7fce90","content_type":"image/jpeg","file_size":"1096141","tags":[],"filename":"AdobeStock_1392102845_copy.jpeg","url":"https://images.contentstack.io/v3/assets/bltaab330c7b38122af/blt9f9c67c7f33e9592/68e7e15443065097250b7581/AdobeStock_1392102845_copy.jpeg","ACL":[],"is_dir":false,"parent_uid":null,"_version":1,"title":"AdobeStock_1392102845 copy.jpeg","publish_details":[{"environment":"blt14797076e6b57fb6","locale":"es-us","time":"2025-10-09T16:25:33.567Z","user":"blt208bb0ce9c7fce90","version":1},{"environment":"blta17a7bb33eb73ca4","locale":"es-us","time":"2025-10-09T16:25:33.567Z","user":"blt208bb0ce9c7fce90","version":1}]},"slant":"none","cta":{"link":{"title":"","href":""},"open_in_new_window":false,"type":null,"icon":null,"personalization_event_key":null}}}},{"general_content":{"title":"Acerca de Contentstack","_metadata":{"uid":"cse08735a245ae87fa"},"copy":{"type":"doc","uid":"a308dc457fbc40d2970442dae191d302","attrs":{},"children":[{"type":"p","attrs":{},"uid":"c646b881c7544d278bea167f96db04f3","children":[{"text":"Juntos en Contentstack, estamos redefiniendo lo que es posible en el espacio digital. ","attrs":{"style":{}},"italic":true}]},{"type":"p","attrs":{},"uid":"327666d0ca35417680d983080bd33986","children":[{"text":""}]},{"type":"p","attrs":{},"uid":"65bbee0252ea43fb9547a53df391ff2c","children":[{"text":"Contentstack es la plataforma líder mundial de Experiencia Digital Composable (DXP), que empodera a las empresas para ofrecer contenido dinámico, personalizado y conectado en todos los canales. Reconocida como Líder en el Forrester Wave™ para Plataformas de Experiencia Digital, Contentstack une la agilidad de un CMS sin cabeza con automatización impulsada por IA, orquestación y conocimientos en tiempo real, ayudando a las marcas a acelerar el tiempo de comercialización, optimizar operaciones e innovar sin límites. "}]},{"type":"p","attrs":{},"uid":"2035373f89c34fcd8a6791176bfbec43","children":[{"text":""}]},{"type":"p","attrs":{},"uid":"7368fa719f544f538dea103c58c67da8","children":[{"text":"Somos más que una plataforma, somos un socio. Guiados por un liderazgo visionario y alimentados por diversas perspectivas, ayudamos a las empresas globales a colaborar sin problemas, escalar con confianza y preparar sus ecosistemas digitales para el futuro. Desde fomentar la innovación y la inclusión hasta retribuir a nuestras comunidades, todo lo que hacemos está impulsado por un propósito y enfocado en crear conexiones significativas. "}]},{"type":"p","attrs":{},"uid":"0aad3c2f017d4a0283267961291af652","children":[{"text":""}]},{"type":"p","attrs":{},"uid":"c3bc29e40a43478ebc25f046049ba429","children":[{"text":"Confiado por las empresas más icónicas del mundo, Contentstack combina seguridad de nivel empresarial, flexibilidad multi-nube y atención al cliente inigualable para redefinir lo que es posible en la gestión de experiencias digitales. Con Contentstack, el futuro del contenido y el comercio es más rápido, inteligente y adaptable que nunca."}]},{"type":"p","attrs":{},"uid":"39824458376b466a9069b875632edd85","children":[{"text":""}]},{"type":"h2","attrs":{},"uid":"b468de6fa5034b0391fe46c9549ba374","children":[{"text":"Acerca de Salesforce Commerce Cloud (SFCC)"}]},{"type":"p","attrs":{},"uid":"9ce8ce146b354181876168dc669f3212","children":[{"text":""}]},{"type":"p","attrs":{},"uid":"dce24d2cca2c43f98bfe2af57fe75402","children":[{"text":"Todo comenzó con una serie de observaciones: "}]},{"type":"ul","attrs":{},"uid":"d013f15cff374a919059a6e1613206f7","children":[{"type":"li","attrs":{},"uid":"9d525eab2ccd4a5ea35a29dd933c9d58","children":[{"text":"La innovación en merchandising y marketing de eCommerce es lo que genera ingresos, sin embargo, la mayoría de las operaciones gastan el 80% de sus presupuestos simplemente manteniendo la infraestructura actual."}]},{"type":"li","attrs":{},"uid":"afaad4497fe9430d9724996db47704a7","children":[{"text":"El ritmo del eCommerce se acelera diariamente, sin embargo, la mayoría de las operaciones están luchando solo para mantenerse."}]},{"type":"li","attrs":{},"uid":"d5a9316696c847e3b6eaf1ac4298a971","children":[{"text":"Los comerciantes y los especialistas en marketing están extremadamente frustrados, pasando más tiempo persiguiendo proveedores externos y organizaciones internas de TI que realmente comercializando y mercadeando sus propios negocios."}]}]},{"type":"p","attrs":{},"uid":"108e057ce0ae40219a34ae1c995c1a0f","children":[{"text":""}]},{"type":"p","attrs":{},"uid":"4f3a9de5c6ef4699b3d5240adfe4e022","children":[{"text":"Tenía que haber una mejor manera"}]},{"type":"p","attrs":{},"uid":"8ef96239aaf742318784d6e6fc53ce66","children":[{"text":"Así que en 2004, nos propusimos encontrarla. La visión, entonces y ahora, era clara: llevar al mercado una solución de eCommerce de clase empresarial que pusiera más poder e innovación en manos de los comerciantes y al mismo tiempo eliminara los costos técnicos, riesgos y complejidades de operar un eCommerce. Tomamos lo que sabíamos sobre el gran merchandising de eCommerce (nuestros fundadores han estado en eCommerce desde 1994) y lo aplicamos a los entonces emergentes avances en Arquitectura de Software como Servicio (SaaS) y computación en cuadrícula dinámica. Luego simplemente trabajamos duro. Nos quedamos despiertos hasta tarde. Bebimos mucho café. Y finalmente, a finales de 2005, entregamos la primera plataforma de eCommerce empresarial bajo demanda del mercado. "}]},{"type":"p","attrs":{},"uid":"df1186d91af04f1c973bb03ea7c09909","children":[{"text":""}]},{"type":"p","attrs":{},"uid":"40945a09e7b441158fc4da6fcebb9402","children":[{"text":"Nuestros clientes no podrían estar más felices con los resultados"}]},{"type":"p","attrs":{},"uid":"2cf99ee817b74af8a7bfe628b5dd3a92","children":[{"text":"Con Salesforce eCommerce, están pasando más tiempo liderando con merchandising y marketing. Tienen el control total de su sitio, haciendo cambios y lanzando nuevas tiendas cuando lo deseen. Están dedicando más tiempo a desarrollar sus propias innovaciones propietarias (en lugar de construir funcionalidades comunes). Reciben nuevas actualizaciones de software de Salesforce continuamente. Y nunca se preocupan por el tiempo de actividad, disponibilidad y seguridad del sitio. "}]},{"type":"p","attrs":{},"uid":"98d7c4c8d041422f8473cc32f6b3e9bf","children":[{"text":""}]},{"type":"p","attrs":{},"uid":"8bdb02e498004b72976957ec4eec7ece","children":[{"text":"En resumen, son libres. Libres para comercializar. Libres para crecer. Libres para innovar. Libres para cambiar. ¿No es así como se supone que debe ser el eCommerce?"}]},{"type":"p","attrs":{},"uid":"223fc9a849824fde9556e9b3822b378d","children":[{"text":"Para obtener más información, visite nuestra sección "},{"uid":"7203274a32554b49bb65165f509478cc","type":"a","attrs":{"url":"https://www.salesforce.com/products/what-is-salesforce/","target":"_self"},"children":[{"text":"Acerca de nosotros"}]},{"text":" y "},{"uid":"887f1c24527b46fab55db5a7e043d5fa","type":"a","attrs":{"url":"https://www.salesforce.com/company/legal/sfdc-website-terms-of-service/","target":"_self"},"children":[{"text":"Términos y condiciones"}]},{"text":"."}]}],"_version":3}}}],"seo":{"meta_title":"Acerca de","meta_description":"Acerca de","meta_keywords":"Acerca de","meta_robots":"Acerca de","canonical_url":"","meta_tags":[]},"sfra_content_id":"about-us","tags":[],"title":"Acerca de nosotros","url":"/about%20salesforce/about-us.html","publish_details":[{"environment":"blt14797076e6b57fb6","locale":"es-us","time":"2025-10-09T16:25:33.409Z","user":"blt208bb0ce9c7fce90","version":3},{"environment":"blta17a7bb33eb73ca4","locale":"es-us","time":"2025-10-09T16:25:33.409Z","user":"blt208bb0ce9c7fce90","version":3}]},"blt6eea6124e45e7630":{"uid":"blt6eea6124e45e7630","locale":"es-us","ACL":{},"_in_progress":false,"_version":3,"components":[{"banner":{"configuration":"page-specific","existing_banner":[{"uid":"blt24057f47ff2e235c","_content_type_uid":"hero_banner"}],"_metadata":{"uid":"csbe2c8e81c7d35246"},"inline_banner":{"title":"Términos y Condiciones","image":{"uid":"blt25ec21df9bd6b4e1","created_at":"2025-10-08T22:00:01.872Z","updated_at":"2025-10-08T22:03:23.951Z","created_by":"blt208bb0ce9c7fce90","updated_by":"blt208bb0ce9c7fce90","content_type":"image/jpeg","file_size":"3925082","tags":[],"filename":"AdobeStock_305928424_copy.jpeg","url":"https://images.contentstack.io/v3/assets/bltaab330c7b38122af/blt25ec21df9bd6b4e1/68e6dfabb5c8cb0b7814ce1d/AdobeStock_305928424_copy.jpeg","ACL":[],"is_dir":false,"parent_uid":null,"_version":2,"title":"MVP Terms & Conditions Banner (Small).jpeg","description":"","publish_details":[{"environment":"blt14797076e6b57fb6","locale":"en-us","time":"2025-10-08T22:05:13.040Z","user":"blt208bb0ce9c7fce90","version":2},{"environment":"blta17a7bb33eb73ca4","locale":"en-us","time":"2025-10-08T22:05:13.040Z","user":"blt208bb0ce9c7fce90","version":2},{"environment":"blt14797076e6b57fb6","locale":"es-us","time":"2025-10-08T23:47:35.629Z","user":"blt208bb0ce9c7fce90","version":2},{"environment":"blta17a7bb33eb73ca4","locale":"es-us","time":"2025-10-08T23:47:35.629Z","user":"blt208bb0ce9c7fce90","version":2}]},"slant":"none","cta":{"link":{"title":"","href":""},"open_in_new_window":false,"type":null,"icon":null,"personalization_event_key":null}}}},{"general_content":{"title":"Acerca de Contentstack","_metadata":{"uid":"cs81df3eb4241a977f"},"copy":{"uid":"d15f8e59463747b491b306b61e66ba5f","type":"doc","_version":3,"attrs":{},"children":[{"type":"p","attrs":{},"uid":"4351c915dbe54bb2a412742c3ba6025c","children":[{"text":"Para conocer los Términos y Condiciones de Contentstack, visite los "},{"type":"a","attrs":{"url":"https://www.contentstack.com/legal/terms-of-service","style":{},"redactor-attributes":{"href":"https://www.contentstack.com/legal/terms-of-service","target":"_self"}},"uid":"60ee712806c14b75892c6870844c7956","children":[{"text":"Términos de Servicio de Contentstack"}]},{"text":"."}]},{"type":"p","attrs":{},"uid":"58a5ec3487334aa88eebdeadc0ffa4dd","children":[{"text":""}]},{"type":"p","attrs":{},"uid":"fdf9f5a82eff431c8301db5f7b2284a5","children":[{"text":"ATENCIÓN:"},{"text":" ","attrs":{"style":{}},"bold":true},{"text":"Estos términos de uso establecen las condiciones bajo las cuales se le permite acceder y utilizar este sitio web, salesforce.com/products/commerce-cloud (el “Sitio Web”). Le rogamos que lea detenidamente los presentes términos de uso antes de utilizar el Sitio Web. Al acceder y utilizar el Sitio Web de cualquier manera, incluyendo, entre otros, navegar por el mismo, usted acepta y queda sujeto a los términos de uso aquí descritos. Si no está de acuerdo con todos los términos y condiciones aquí contenidos, no utilice el Sitio Web bajo ninguna circunstancia."}]},{"type":"h2","attrs":{},"uid":"3a7e5fad6fc74953a6148e7e161b2776","children":[{"text":"PROPIEDAD"}]},{"type":"p","attrs":{},"uid":"4aa027fc9f424e78b64644a331829e95","children":[{"text":"Todos los derechos de autor y demás derechos de propiedad intelectual del Sitio Web, incluyendo, sin limitación, todo el software y el contenido escrito y gráfico incluido en el Sitio Web, son propiedad de Salesforce, Inc. (“Salesforce”) y quedan expresamente reservados."}]},{"type":"h2","attrs":{},"uid":"4bfb22566cf34657b7ace617cf064dd5","children":[{"text":"USO DEL SITIO WEB Y DOCUMENTOS"}]},{"type":"p","attrs":{},"uid":"59ca6359b38c4870a7ba8464e897e0db","children":[{"text":"Por la presente, Salesforce le autoriza a realizar una copia única del contenido mostrado en el Sitio Web para su uso personal en el aprendizaje, evaluación o adquisición de los servicios o productos de Salesforce, siempre que:"},{"text":"\n","break":false,"separaterId":"0913ecdecb084bc9bd3349de39342878"},{"text":"(i) marque dicha copia con “© 2016 Salesforce, Inc. Todos los derechos reservados.”;"},{"text":"\n","break":false,"separaterId":"db2000cd5ab14ebabbc8803a3622651a"},{"text":"(ii) el uso de dicha copia sea únicamente con fines informativos y personales o no comerciales, y no se copie ni publique en ningún equipo de red ni se difunda en ningún medio; y"},{"text":"\n","break":false,"separaterId":"3a1e5e284d914082993fb85c6c819f0e"},{"text":"(iii) no se realicen modificaciones a dicha copia."}]},{"type":"p","attrs":{},"uid":"5bb17038800c42f4800d1edde15f523b","children":[{"text":"No se le otorga ningún otro permiso para imprimir, copiar, reproducir, distribuir, transmitir, cargar, descargar, almacenar, ejecutar, mostrar públicamente, alterar o modificar el contenido incluido en el Sitio Web."}]},{"type":"p","attrs":{},"uid":"c1e41cbe9ba94aecad89d3fccce007c9","children":[{"text":"Las instituciones educativas acreditadas, tales como escuelas K-12, universidades y colegios, pueden descargar y reproducir el contenido mostrado en el Sitio Web para distribuirlo en el aula. La distribución fuera del aula requiere un permiso escrito expreso. Cualquier otro uso está expresamente prohibido por la ley y puede dar lugar a sanciones civiles y penales severas. Los infractores serán procesados en la máxima medida permitida por la ley."}]},{"type":"p","attrs":{},"uid":"c0332b8e99894d318d8e92551a07525e","children":[{"text":"El Sitio Web puede contener servicios de correo electrónico, tablones de anuncios, foros, comunidades y/o otras herramientas de comunicación diseñadas para permitirle comunicarse con otros (colectivamente, “Servicios de Comunicación”). Usted se compromete a utilizar los Servicios de Comunicación únicamente para publicar, enviar y recibir mensajes y materiales apropiados."}]},{"type":"p","attrs":{},"uid":"11cb960f5aad45c9b9a1b2b2648b1c9f","children":[{"text":"A modo de ejemplo y sin limitación, usted acepta que al usar los Servicios de Comunicación o el Sitio Web, no deberá:"},{"text":"\n","break":false,"separaterId":"ed075de29acb43da8bbf5748f5fe1512"},{"text":"(i) utilizarlos en relación con encuestas, concursos, esquemas piramidales, cartas en cadena, correo no deseado, spam o cualquier mensaje duplicado o no solicitado;"},{"text":"\n","break":false,"separaterId":"b366173a48ce480eb99ac009c0065137"},{"text":"(ii) difamar, abusar, acosar, amenazar o violar de cualquier otra manera los derechos legales de otros;"},{"text":"\n","break":false,"separaterId":"b0f1630bf2a74a538f89b7caeb762622"},{"text":"(iii) publicar, cargar, distribuir o difundir cualquier tema, nombre, material o información inapropiada, profana, difamatoria, obscena, pornográfica, racista, lasciva, excesivamente violenta, acosadora, ilegal o de otro modo objetable;"},{"text":"\n","break":false,"separaterId":"a66645c48c244015aaa725ca2d3f0d5e"},{"text":"(iv) cargar o poner a disposición archivos que contengan material protegido por leyes de propiedad intelectual, a menos que usted posea o controle los derechos correspondientes o haya recibido todo el consentimiento necesario;"},{"text":"\n","break":false,"separaterId":"08ddf1581eda46c4be9350541d299ee9"},{"text":"(v) anunciar o ofrecer vender o comprar bienes o servicios con fines comerciales, salvo que los Servicios de Comunicación lo permitan expresamente;"},{"text":"\n","break":false,"separaterId":"6043295352ae4daaa35ae9e5ae72882b"},{"text":"(vi) restringir o inhibir que cualquier otro usuario utilice y disfrute de los Servicios de Comunicación o del Sitio Web;"},{"text":"\n","break":false,"separaterId":"860c8230d596415e9e11ad5968290830"},{"text":"(vii) recopilar o recolectar información sobre otros, incluyendo direcciones de correo electrónico; o"},{"text":"\n","break":false,"separaterId":"27f8af8e6b7e4984be44b0a6a72a48fa"},{"text":"(viii) violar cualquier ley o regulación aplicable."}]},{"type":"p","attrs":{},"uid":"ed225f5395854b1c91c71919a17d2ae6","children":[{"text":"Salesforce no tiene obligación de supervisar el Sitio Web o los Servicios de Comunicación. No obstante, Salesforce se reserva el derecho de revisar los materiales publicados en el Sitio Web y en los Servicios de Comunicación, y de eliminar y/o editar cualquier material a su entera discreción. Salesforce se reserva el derecho de terminar su acceso al Sitio Web y a los Servicios de Comunicación en cualquier momento, sin previo aviso, por cualquier motivo."}]},{"type":"p","attrs":{},"uid":"e04b37865c6e43f2ad4836c87a775778","children":[{"text":"Asimismo, Salesforce se reserva el derecho de divulgar cualquier información que considere necesaria para cumplir con cualquier ley, regulación, proceso legal o solicitud gubernamental, o de editar, rechazar publicar o eliminar cualquier información o material, total o parcialmente, a su entera discreción."}]},{"type":"h2","attrs":{},"uid":"3855e58798104dd5be77b31e5db73ff6","children":[{"text":"TMARCAS Y DERECHOS DE AUTOR"}]},{"type":"p","attrs":{},"uid":"4d08d61a6a69496295bb50358a97be63","children":[{"text":"Salesforce®, Salesforce eCommerce (SM), el logotipo de Salesforce y cualquier otra marca utilizada en el Sitio Web son marcas registradas de Salesforce o de sus respectivos propietarios. Dichas marcas no pueden ser utilizadas sin el consentimiento previo por escrito de Salesforce. Cualquier uso de estas marcas, o de cualquier otra que se muestre en el Sitio Web, redundará únicamente en beneficio de sus respectivos propietarios."}]},{"type":"p","attrs":{},"uid":"c9102bbcedb3473c97b7d796c6e69f6c","children":[{"text":"Aviso de Derechos de Autor: Copyright © 2004-2016 Salesforce, Inc. Todos los derechos reservados."}]},{"type":"h2","attrs":{},"uid":"9da46b9521dc40a897092472f393b138","children":[{"text":"POLÍTICA DE PRESENTACIÓN NO SOLICITADA"}]},{"type":"p","attrs":{},"uid":"6bc3a04fdc5d4d2d9cb8fb7f7722e940","children":[{"text":"Salesforce no acepta ni considera ideas, sugerencias, materiales u otra información no solicitada (todos los anteriores denominados “Presentaciones”). El propósito de esta política es evitar malentendidos o disputas respecto al origen de ideas, productos, servicios y estrategias de Salesforce. Por favor, no envíe Presentaciones no solicitadas a Salesforce ni a ninguna persona de Salesforce."}]},{"type":"p","attrs":{},"uid":"5927915917114058995fa82288a97f19","children":[{"text":"En caso de que usted ignore esta política y publique, cargue, ingrese, proporcione, envíe o de cualquier otra manera haga una Presentación a Salesforce, usted:"},{"text":"\n","break":false,"separaterId":"77eba58798f345c6ac17be3e6543368c"},{"text":"(i) otorgará a Salesforce y sus afiliadas permiso para usar su Presentación en relación con la operación de sus negocios (la “Licencia”), incluyendo, sin limitación, el derecho a copiar, distribuir, mostrar, editar, reproducir, traducir y reformatear su Presentación con fines comerciales y no comerciales;"},{"text":"\n","break":false,"separaterId":"52e5f9a96a3a41a0903dd8b96d83c4f0"},{"text":"(ii) garantiza y declara que posee o controla todos los derechos sobre su Presentación, incluyendo, sin limitación, los derechos necesarios para otorgar la Licencia; y"},{"text":"\n","break":false,"separaterId":"02d4703258624475b0ae1119bd748532"},{"text":"(iii) cualquier Presentación de este tipo será considerada como comunicaciones no confidenciales y no propietarias."}]},{"type":"p","attrs":{},"uid":"29ba4c7b7ee148cfa4173cf50280be26","children":[{"text":"No se pagará compensación alguna respecto a su Presentación. Salesforce no estará sujeta a ninguna obligación de confidencialidad respecto a su Presentación."}]},{"type":"h2","attrs":{},"uid":"a89a7dd6e9de4e4c8fa0cba81afcf137","children":[{"text":"USO NO AUTORIZADO O PROHIBIDO"}]},{"type":"p","attrs":{},"uid":"c498c43380f54f0db3aa97a3f84b18ca","children":[{"text":"No puede utilizar el Sitio Web para ningún propósito que sea ilegal o esté prohibido por los términos y condiciones aquí establecidos. No puede usar el Sitio Web de manera que pueda dañar, deshabilitar, sobrecargar o de cualquier otra forma perjudicar cualquier servidor de Salesforce o las redes conectadas a cualquier servidor de Salesforce, ni interferir con el uso y disfrute del Sitio Web por parte de otras personas. No puede intentar obtener acceso no autorizado al Sitio Web, a los sistemas informáticos o a las redes conectadas a cualquier servidor de Salesforce por ningún medio. No puede obtener materiales o información mediante medios que no estén intencionalmente disponibles para usted a través del Sitio Web."}]},{"type":"h2","attrs":{},"uid":"c05f948ba7334cf58363e612e525c7ae","children":[{"text":"ENLACES"}]},{"type":"p","attrs":{},"uid":"5deb554e0499422e9445355db93544a6","children":[{"text":"Cualquier enlace a sitios web de terceros se proporciona únicamente para su conveniencia, y Salesforce no realiza ninguna recomendación ni respalda dichos sitios web ni los productos o servicios que se ofrecen en ellos."}]},{"type":"p","attrs":{},"uid":"9edced67d8244475b33b4a9668a82891","children":[{"text":"Puede enlazar al Sitio Web de Salesforce, salvo que Salesforce indique lo contrario por escrito. Sin embargo, no puede enmarcar el Sitio Web de manera que cause confusión a los clientes de Salesforce, ni interferir o intentar interferir de ninguna manera con la operación del Sitio Web, incluyendo, sin limitación, mediante minería de datos, el uso de robots, scrapers u otros dispositivos automatizados, o la elusión o intento de elusión de cualquier medida de seguridad del sitio web."}]},{"type":"h2","attrs":{},"uid":"724fb302b82148a0a7f56c1d76e327b4","children":[{"text":"CORREO NO DESEADO Y PUBLICACIONES (SPAM)"}]},{"type":"p","attrs":{},"uid":"654fa26f50b840bdbc3dbee43785414a","children":[{"text":"Usted reconoce que Salesforce sufriría un daño irreparable si usted u otros utilizan el Sitio Web o sus instalaciones para la transmisión de spam, publicaciones en grupos de noticias o correos electrónicos no solicitados en violación de los términos de uso aquí establecidos, y que Salesforce tiene derecho a obtener medidas cautelares contra cualquier transmisión de este tipo (además de todos los demás recursos disponibles por ley o equidad). Salesforce se reserva el derecho de bloquear, filtrar o eliminar correos electrónicos no solicitados."}]},{"type":"h2","attrs":{},"uid":"42d51799e6e245a9842bbdadb8b3c313","children":[{"text":"LEYES Y REGULACIONES DE EXPORTACIÓN DE EE. UU."}]},{"type":"p","attrs":{},"uid":"a9b3382c4d0342c38d607fb36f140c45","children":[{"text":"Usted reconoce y acepta que el material en el Sitio Web está sujeto a las Leyes y Regulaciones de Administración de Exportaciones de los Estados Unidos. Queda prohibida la desviación de dicho material en contravención de la ley de EE. UU. Usted acepta que ninguno de los materiales del Sitio Web, ni ningún producto derivado directamente de ellos, está siendo ni será adquirido, enviado, transferido o reexportado, directa o indirectamente, a países o nacionales sujetos a prohibiciones o embargos, ni será utilizado para actividades nucleares, armas químicas o biológicas, o proyectos de misiles, salvo que cuente con la autorización del Gobierno de EE. UU."}]},{"type":"p","attrs":{},"uid":"17c83ac3c06445bb8bfddaa29227ac5c","children":[{"text":"Usted certifica que no se encuentra en la Lista de Personas Denegadas del Departamento de Comercio de EE. UU. ni en listas afiliadas, ni en la Lista de Nacionales Especialmente Designados del Departamento del Tesoro de EE. UU. Usted acepta cumplir estrictamente con todas las leyes de exportación de EE. UU. y asume la responsabilidad exclusiva de obtener las licencias necesarias para exportar o reexportar, según corresponda."}]},{"type":"h2","attrs":{},"uid":"e414b13b924745d3ae2d20124151bc97","children":[{"text":"DISCLAIMER"}]},{"type":"p","attrs":{},"uid":"65a9e0199b0f4954a7efbbaa2b713a21","children":[{"text":"THE CONTENT CONTAINED IN THE WEBSITE IS PROVIDED BY COMMERCE CLOUD FOR GENERAL INFORMATIONAL PURPOSES ONLY AND DOES NOT CONSTITUTE A SPECIFIC RECOMMENDATION OR ADVICE. SUCH CONTENT IS PROVIDED \"AS IS\" WITHOUT WARRANTY OF ANY KIND, EXPRESS OR IMPLIED, AND IS SUBJECT TO CHANGE WITHOUT NOTICE. YOUR USE OF THE WEBSITE IS AT YOUR SOLE RISK, AND YOU ASSUME ALL LIABILITY IN RELATION TO IT."}]},{"type":"p","attrs":{},"uid":"3cf26eefcfb34156a713fed18e8b081a","children":[{"text":"ANY INFORMATION OR ADVICE PROVIDED THROUGH THE WEBSITE THAT IS RELATED TO SUPPORT OF COMMERCE CLOUD SOFTWARE PRODUCTS IS SUBJECT TO THE TERMS AND CONDITIONS OF THE LICENSE AND SUPPORT AGREEMENT BETWEEN YOU AND COMMERCE CLOUD, AND NOT TO THESE TERMS OF USE."}]},{"type":"p","attrs":{},"uid":"0c762928e1f4482bb3cc2489015af80e","children":[{"text":"ANY MENTION IN THE WEBSITE OF NON COMMERCE CLOUD PRODUCTS OR SERVICES IS FOR INFORMATION PURPOSES ONLY AND CONSTITUTES NEITHER AN ENDORSEMENT NOR A RECOMMENDATION."}]},{"type":"h2","attrs":{},"uid":"c1df01c2fd2c4469802f31c60a9e965f","children":[{"text":"DESCARGO DE RESPONSABILIDAD"}]},{"type":"p","attrs":{},"uid":"069f402861bc44f49317570b3f6698dd","children":[{"text":"El contenido incluido en el Sitio Web es proporcionado por Commerce Cloud únicamente con fines informativos generales y no constituye una recomendación o asesoramiento específico. Dicho contenido se proporciona “tal cual”, sin garantía de ningún tipo, expresa o implícita, y está sujeto a cambios sin previo aviso. El uso del Sitio Web corre por su cuenta y riesgo, y usted asume toda la responsabilidad relacionada con él."}]},{"type":"p","attrs":{},"uid":"7463f0ed92464c4c98e76b4428adea06","children":[{"text":"Cualquier información o consejo proporcionado a través del Sitio Web relacionado con el soporte de los productos de software de Commerce Cloud está sujeto a los términos y condiciones del Acuerdo de Licencia y Soporte entre usted y Commerce Cloud, y no a estos términos de uso."}]},{"type":"p","attrs":{},"uid":"0e065e6fd9064e2b9a5540b790334fda","children":[{"text":"Cualquier mención en el Sitio Web de productos o servicios que no sean de Commerce Cloud tiene únicamente fines informativos y no constituye ni un respaldo ni una recomendación."}]},{"type":"h2","attrs":{},"uid":"46778d883e6d4d83b142fc74a80a2daa","children":[{"text":"AVISOS DE INFRACCIÓN DE DERECHOS DE AUTOR"}]},{"type":"p","attrs":{},"uid":"3711f7f8217c40e6ba569c8af9a98173","children":[{"text":"Si usted cree que algún material publicado en el Sitio Web infringe sus derechos de autor, debe notificarlo a la siguiente persona, quien es el agente designado de Salesforce para los fines de la Ley de Derechos de Autor del Milenio Digital (Digital Millennium Copyright Act, 17 U.S.C. 512):"}]},{"type":"p","attrs":{},"uid":"a58cd816796a4319b2a4fef59e64f524","children":[{"text":"Salesforce, Inc."},{"text":"\n","break":false,"separaterId":"a4cb1f348c0e4730a7bf742ddec3ada5"},{"text":"5 Wall St"},{"text":"\n","break":false,"separaterId":"bb7a0f59f7c84655addd607828fe124e"},{"text":"Burlington, MA 01803, USA"}]},{"type":"h2","attrs":{},"uid":"cf2dcae2efef48a0b34bacc23f93a749","children":[{"text":"ACUERDO COMPLETO"}]},{"type":"p","attrs":{},"uid":"118fc31ae7204f7788a370698fb29c0e","children":[{"text":"Estos términos de uso constituyen el acuerdo completo entre usted y Salesforce en relación con su uso del Sitio Web, y todas las demás representaciones o discusiones quedan excluidas de este acuerdo. Si alguna parte de estos términos se considera inválida o inaplicable, las disposiciones restantes permanecerán en pleno vigor y efecto. La falta de Salesforce de insistir en o hacer cumplir estrictamente estos términos no constituirá una renuncia a cualquier incumplimiento ni a futuros incumplimientos de los mismos."}]},{"type":"h2","attrs":{},"uid":"333332f082004755bc9f8981377f7d5e","children":[{"text":"LEY APLICABLE Y JURISDICCIÓN"}]},{"type":"p","attrs":{},"uid":"756cecfd0bb44af4bda9fce1f7d4a593","children":[{"text":"El Sitio Web está controlado y operado desde los Estados Unidos, y Salesforce no garantiza que el Sitio Web sea adecuado para su uso fuera de los Estados Unidos. Si accede al Sitio Web desde fuera de los Estados Unidos, usted es responsable de cumplir con cualquier ley local aplicable."}]},{"type":"p","attrs":{},"uid":"909ebbf63da74dad88554ba27188d0bf","children":[{"text":"El uso del Sitio Web se regirá en todos los aspectos por las leyes del Commonwealth de Massachusetts, EE. UU., sin considerar las disposiciones sobre conflicto de leyes, y no por la Convención de las Naciones Unidas sobre Contratos de Compraventa Internacional de Merc"}]}]}}}],"seo":{"meta_title":"Términos y Condiciones","meta_description":"Términos y Condiciones","meta_keywords":"Términos y Condiciones","meta_robots":"Términos y Condiciones","canonical_url":"","meta_tags":[]},"sfra_content_id":"terms","tags":[],"title":"Términos y Condiciones","url":"/customer%20service/terms%20%26%20conditions/terms.html","publish_details":[{"environment":"blt14797076e6b57fb6","locale":"es-us","time":"2025-10-08T23:47:35.446Z","user":"blt208bb0ce9c7fce90","version":3},{"environment":"blta17a7bb33eb73ca4","locale":"es-us","time":"2025-10-08T23:47:35.446Z","user":"blt208bb0ce9c7fce90","version":3}]}}