{"blt64ac3acb0afd65ed":{"locale":"es-us","uid":"blt64ac3acb0afd65ed","ACL":{},"_in_progress":false,"_version":2,"newsletter":{"text":{"uid":"75b958c99b4549dabc93b88cea908255","type":"doc","_version":2,"attrs":{},"children":[{"type":"p","attrs":{},"uid":"a2dab4f3df8a4279aacf90ee62a08546","children":[{"text":"Regístrate para obtener beneficios exclusivos, promociones e información sobre nuevos productos"}]}]},"placeholder":"Correo electrónico","button_label":"Regístrate"},"tags":[],"title":"Boletín informativo existente","publish_details":[{"environment":"blt14797076e6b57fb6","locale":"es-us","time":"2025-10-09T16:46:17.579Z","user":"blt208bb0ce9c7fce90","version":2},{"environment":"blta17a7bb33eb73ca4","locale":"es-us","time":"2025-10-09T16:46:17.579Z","user":"blt208bb0ce9c7fce90","version":2}]}}