{"blt07dc52c1f67d156d":{"locale":"es-us","uid":"blt07dc52c1f67d156d","ACL":{},"_in_progress":false,"_version":1,"promotional_bar":{"announcement":{"uid":"ca7c1c8a3b1c4cef92961ee5174d7747","type":"doc","attrs":{},"children":[{"type":"p","uid":"545933065d4441e08fb66d8411e2fe42","attrs":{},"children":[{"text":"Desde ContentStack:","bold":true},{"text":" Envío gratis en todos los pedidos de $40 o más"}]}],"_version":1}},"tags":[],"title":"Promoción existente","publish_details":[{"environment":"blt14797076e6b57fb6","locale":"es-us","time":"2025-10-01T19:13:36.281Z","user":"blt3ca5c3594d4a2916","version":1},{"environment":"blta17a7bb33eb73ca4","locale":"es-us","time":"2025-10-01T19:13:36.281Z","user":"blt3ca5c3594d4a2916","version":1}]}}