{"blt1e0f1c9b16466a22":{"title":"Tracking Consent","heading":"Tracking Consent","consent_text":{"type":"doc","attrs":{},"uid":"bed0c719d05146848ed7d3b31b62a20b","children":[{"uid":"e927d80243b144429ce5d00369920819","type":"p","attrs":{},"children":[{"text":"Salesforce uses three kinds of cookies across all websites and applications: required, functional, and advertising. "}]},{"uid":"b7fbbb6fa51e48f4b20eda99f231ae02","type":"p","attrs":{},"children":[{"text":""}]},{"uid":"9e45e76e22004b959775975e6361647c","type":"p","attrs":{},"children":[{"text":"Lorem ipsum dolor sit amet, consectetur adipiscing elit, sed do eiusmod tempor incididunt ut labore et dolore magna aliqua. Ut enim ad minim veniam, quis nostrud exercitation ullamco laboris nisi ut aliquip ex ea commodo consequat. Duis aute irure dolor in reprehenderit in voluptate velit esse cillum dolore eu fugiat nulla pariatur.Accept"}]}],"_version":1},"accept_button_label":"Accept","decline_button_label":"Decline","tags":[],"locale":"en-us","uid":"blt1e0f1c9b16466a22","ACL":{},"_version":1,"_in_progress":false,"publish_details":[{"environment":"blt14797076e6b57fb6","locale":"es-us","time":"2025-10-01T19:46:30.149Z","user":"blt3ca5c3594d4a2916","version":1,"entry_locale":"es-us"},{"environment":"blta17a7bb33eb73ca4","locale":"es-us","time":"2025-10-01T19:46:30.149Z","user":"blt3ca5c3594d4a2916","version":1,"entry_locale":"es-us"},{"environment":"blt14797076e6b57fb6","locale":"en-us","time":"2025-10-07T13:30:56.259Z","user":"bltfc7446948990d3af","version":1},{"environment":"blta17a7bb33eb73ca4","locale":"en-us","time":"2025-10-07T13:30:56.259Z","user":"bltfc7446948990d3af","version":1}]}}