{"blt87c0359482652103":{"title":"Earrings","url":"/womens/jewelry/earrings","seo":{"meta_title":"Category","meta_description":"Earrings","meta_keywords":"Earrings","meta_robots":"Earrings","canonical_url":"","meta_tags":[]},"category":{"data":[{"id":"womens-jewelry-earrings","image":"https://zybx-009.dx.commercecloud.salesforce.com/on/demandware.static/-/Sites-storefront-catalog-m-en/default/dw977a4f65/images/slot/sub_banners/cat-banner-womens-earrings.jpg","name":"Earrings","onlineSubCategoriesCount":0,"pageDescription":"Shop Women's earrings in a variety of colors and styles including button, clip on and curved at Commerce Cloud.","pageTitle":"Women's Earrings including Button Clip-on, Curved & More","parentCategoryId":"womens-jewelry","parentCategoryTree":[{"id":"womens","name":"Womens"},{"id":"womens-jewelry","name":"Jewelry"},{"id":"womens-jewelry-earrings","name":"Earrings"}],"c_enableCompare":false,"c_showInMenu":true,"c_cs_url":{"short":"/womens/jewelry/earrings/","full":"https://zybx-009.dx.commercecloud.salesforce.com/s/RefArch/en-us/womens/jewelry/earrings/"},"cs_metadata":{"multiConfigName":"SFCC-Category","isConfigDeleted":false}}],"type":"sfcc_category"},"banner":{"title":"Women's Earrings","image":{"uid":"blta8bbb60ab1352d03","created_at":"2025-10-09T20:12:27.111Z","updated_at":"2025-10-09T20:12:27.111Z","created_by":"blt208bb0ce9c7fce90","updated_by":"blt208bb0ce9c7fce90","content_type":"image/png","file_size":"2110445","tags":[],"filename":"Rectangle_48.png","url":"https://images.contentstack.io/v3/assets/bltaab330c7b38122af/blta8bbb60ab1352d03/68e8172b758f5b2557d9f4a1/Rectangle_48.png","ACL":[],"is_dir":false,"parent_uid":null,"_version":1,"title":"Rectangle 48.png","publish_details":[{"environment":"blt14797076e6b57fb6","locale":"en-us","time":"2025-10-09T20:13:04.641Z","user":"blt208bb0ce9c7fce90","version":1},{"environment":"blta17a7bb33eb73ca4","locale":"en-us","time":"2025-10-09T20:13:04.641Z","user":"blt208bb0ce9c7fce90","version":1}]}},"components":[{"product_results":{"show":true,"_metadata":{"uid":"csf1fe35a50223ab68"}}}],"tags":[],"locale":"en-us","uid":"blt87c0359482652103","ACL":{},"_version":5,"_in_progress":false,"publish_details":[{"environment":"blt14797076e6b57fb6","locale":"es-us","time":"2025-10-09T20:15:40.137Z","user":"blt208bb0ce9c7fce90","version":4,"entry_locale":"es-us"},{"environment":"blta17a7bb33eb73ca4","locale":"es-us","time":"2025-10-09T20:15:40.137Z","user":"blt208bb0ce9c7fce90","version":4,"entry_locale":"es-us"},{"environment":"blt14797076e6b57fb6","locale":"en-us","time":"2025-10-09T20:13:04.485Z","user":"blt208bb0ce9c7fce90","version":5},{"environment":"blta17a7bb33eb73ca4","locale":"en-us","time":"2025-10-09T20:13:04.485Z","user":"blt208bb0ce9c7fce90","version":5}]}}