{"blt87c0359482652103":{"locale":"es-us","uid":"blt87c0359482652103","ACL":{},"_in_progress":false,"_version":4,"banner":{"title":"Aretes de mujer","image":{"uid":"blt022f210147ed5715","created_at":"2025-10-09T20:13:26.395Z","updated_at":"2025-10-09T20:13:26.395Z","created_by":"blt208bb0ce9c7fce90","updated_by":"blt208bb0ce9c7fce90","content_type":"image/png","file_size":"2110445","tags":[],"filename":"Rectangle_48.png","url":"https://images.contentstack.io/v3/assets/bltaab330c7b38122af/blt022f210147ed5715/68e8176690fcab3cc6ccc21b/Rectangle_48.png","ACL":[],"is_dir":false,"parent_uid":null,"_version":1,"title":"Rectangle 48.png","publish_details":[{"environment":"blt14797076e6b57fb6","locale":"es-us","time":"2025-10-09T20:15:40.334Z","user":"blt208bb0ce9c7fce90","version":1},{"environment":"blta17a7bb33eb73ca4","locale":"es-us","time":"2025-10-09T20:15:40.334Z","user":"blt208bb0ce9c7fce90","version":1}]}},"category":{"data":[{"id":"womens-jewelry-earrings","image":"https://zybx-009.dx.commercecloud.salesforce.com/on/demandware.static/-/Sites-storefront-catalog-m-en/default/dw977a4f65/images/slot/sub_banners/cat-banner-womens-earrings.jpg","name":"Earrings","onlineSubCategoriesCount":0,"pageDescription":"Shop Women's earrings in a variety of colors and styles including button, clip on and curved at Commerce Cloud.","pageTitle":"Women's Earrings including Button Clip-on, Curved & More","parentCategoryId":"womens-jewelry","parentCategoryTree":[{"id":"womens","name":"Womens"},{"id":"womens-jewelry","name":"Jewelry"},{"id":"womens-jewelry-earrings","name":"Earrings"}],"c_enableCompare":false,"c_showInMenu":true,"c_cs_url":{"short":"/womens/jewelry/earrings/","full":"https://zybx-009.dx.commercecloud.salesforce.com/s/RefArch/en-us/womens/jewelry/earrings/"},"cs_metadata":{"multiConfigName":"SFCC-Category","isConfigDeleted":false}}],"type":"sfcc_category"},"components":[{"product_results":{"show":true,"_metadata":{"uid":"cs80c688198d829be2"}}}],"seo":{"meta_title":"Categoría","meta_description":"Aretes","meta_keywords":"Aretes","meta_robots":"Aretes","canonical_url":"","meta_tags":[]},"tags":[],"title":"Aretes","url":"/womens/jewelry/earrings","publish_details":[{"environment":"blt14797076e6b57fb6","locale":"es-us","time":"2025-10-09T20:15:40.137Z","user":"blt208bb0ce9c7fce90","version":4},{"environment":"blta17a7bb33eb73ca4","locale":"es-us","time":"2025-10-09T20:15:40.137Z","user":"blt208bb0ce9c7fce90","version":4}]}}