{"blt94c0a8b5ad993b6d":{"locale":"es-us","uid":"blt94c0a8b5ad993b6d","ACL":{},"_in_progress":false,"_version":2,"header_resources":{"login_link_label":"Iniciar sesión en la cuenta","login_button_label":"Botón de inicio de sesión","my_account_label":"Mi cuenta NUEVO","my_account_profile_label":"Mi cuenta","my_orders_label":"Mis pedidos CS","logout_label":"Cerrar sesión"},"logo":{"uid":"blt64ca4e51dea3a735","created_at":"2025-10-01T18:50:38.144Z","updated_at":"2025-10-01T18:50:38.144Z","created_by":"blt3ca5c3594d4a2916","updated_by":"blt3ca5c3594d4a2916","content_type":"image/png","file_size":"9076","tags":[],"filename":"Contentstack_Logo.png","url":"https://images.contentstack.io/v3/assets/bltaab330c7b38122af/blt64ca4e51dea3a735/68dd77fe9355330b8ea00fb4/Contentstack_Logo.png","ACL":[],"is_dir":false,"parent_uid":null,"_version":1,"title":"Contentstack_Logo.png","publish_details":[{"environment":"blt14797076e6b57fb6","locale":"en-us","time":"2025-10-01T19:14:26.512Z","user":"blt3ca5c3594d4a2916","version":1},{"environment":"blta17a7bb33eb73ca4","locale":"en-us","time":"2025-10-01T19:14:26.512Z","user":"blt3ca5c3594d4a2916","version":1},{"environment":"blt14797076e6b57fb6","locale":"es-us","time":"2025-10-01T19:14:26.786Z","user":"blt3ca5c3594d4a2916","version":1},{"environment":"blta17a7bb33eb73ca4","locale":"es-us","time":"2025-10-01T19:14:26.786Z","user":"blt3ca5c3594d4a2916","version":1}]},"promotional_bar_configuration":{"configuration":"page-specific","existing_promotional_bar":[{"uid":"blt07dc52c1f67d156d","_content_type_uid":"promotional_bar"}],"announcement":{"uid":"260b732d1df94edab58c83113febe9f4","type":"doc","attrs":{},"children":[{"type":"p","uid":"c90c6d666a7c4ff8b15aeae8eee407a2","attrs":{},"children":[{"text":"Envío GRATIS en 2 días para pedidos superiores a $200 | "},{"uid":"21c2f513de8848e4bc913fa2809f79cc","type":"a","attrs":{"url":"https://www.contentstack.com/","target":"_blank","title":"Comprar ahora"},"children":[{"text":"Comprar ahora →"}]},{"text":""}]}],"_version":2}},"tags":[],"title":"Encabezado","publish_details":[{"environment":"blt14797076e6b57fb6","locale":"es-us","time":"2025-10-01T19:14:26.543Z","user":"blt3ca5c3594d4a2916","version":2},{"environment":"blta17a7bb33eb73ca4","locale":"es-us","time":"2025-10-01T19:14:26.543Z","user":"blt3ca5c3594d4a2916","version":2}]}}