{"blt07dc52c1f67d156d":{"title":"Existing promotional","promotional_bar":{"announcement":{"type":"doc","attrs":{},"uid":"ca7c1c8a3b1c4cef92961ee5174d7747","children":[{"uid":"ae876603f068492280fab567cff68a55","type":"p","attrs":{},"children":[{"text":"From ContentStack: ","bold":true},{"text":"Free shipping on all 40$+ orders"}]}],"_version":1}},"tags":[],"locale":"en-us","uid":"blt07dc52c1f67d156d","ACL":{},"_version":1,"_in_progress":false,"publish_details":[{"environment":"blt14797076e6b57fb6","locale":"es-us","time":"2025-10-01T19:13:36.281Z","user":"blt3ca5c3594d4a2916","version":1,"entry_locale":"es-us"},{"environment":"blta17a7bb33eb73ca4","locale":"es-us","time":"2025-10-01T19:13:36.281Z","user":"blt3ca5c3594d4a2916","version":1,"entry_locale":"es-us"},{"environment":"blt14797076e6b57fb6","locale":"en-us","time":"2025-10-07T13:30:56.333Z","user":"bltfc7446948990d3af","version":1},{"environment":"blta17a7bb33eb73ca4","locale":"en-us","time":"2025-10-07T13:30:56.333Z","user":"bltfc7446948990d3af","version":1}]}}