{"blt791d0bb6b9e16f25":{"locale":"es-us","uid":"blt791d0bb6b9e16f25","ACL":{},"_in_progress":false,"_version":4,"components":[{"default_product_details":{"overwrite":true,"_metadata":{"uid":"csbebcb8a8a9683466"},"overwrite_product_details":{"product_name":"Top sin mangas plisado","product_description":{"type":"doc","uid":"a9e604c85a4d4871b527a86eb6a3442f","_version":4,"attrs":{},"children":[{"type":"p","attrs":{},"uid":"eb883e0e551648df80f76ae4797e327e","children":[{"text":"Añade estilo a cualquier atuendo con este"}]}]},"product_details":{"uid":"78bf7f60a10c49339eb8e39ab9ddf11f","type":"doc","_version":4,"attrs":{},"children":[{"type":"p","attrs":{"style":{},"redactor-attributes":{"dirty":"true"}},"uid":"31f3a40efcb84d13b2f2fb4429ea48a7","children":[{"text":"Características"}]},{"type":"ul","attrs":{"style":{},"redactor-attributes":{"dirty":"true"}},"uid":"b3145d1d68a54302881301cee1ebf8ff","children":[{"type":"li","attrs":{"style":{},"redactor-attributes":{"dirty":"true"}},"uid":"42fa3969d0fa4170b1d062e3736b034e","children":[{"text":"Patrón Abstracto"}]},{"type":"li","attrs":{"style":{},"redactor-attributes":{"dirty":"true"}},"uid":"f85da18909f04f8b975bfb6b4645d2b0","children":[{"text":"Cuello Joya"}]},{"type":"li","attrs":{"style":{},"redactor-attributes":{"dirty":"true"}},"uid":"c3163c527a0243349a0dcbcf4e7a579b","children":[{"text":"Sin Mangas"}]},{"type":"li","attrs":{"style":{},"redactor-attributes":{"dirty":"true"}},"uid":"459760753a09438dae74b41c25a92220","children":[{"text":"Importado"}]}]},{"type":"p","attrs":{"style":{},"redactor-attributes":{"dirty":"true"}},"uid":"80fe27f4d1404c00868617ff05269496","children":[{"text":""}]},{"type":"p","attrs":{"style":{},"redactor-attributes":{"dirty":"true"}},"uid":"9291c6df886c46d7ae2041c891ef1d5f","children":[{"text":"Materiales y Cuidado"}]},{"type":"ul","attrs":{"style":{},"redactor-attributes":{"dirty":"true"}},"uid":"b48e3535ba2a4557888244a4adcbb72a","children":[{"type":"li","attrs":{"style":{},"redactor-attributes":{"dirty":"true"}},"uid":"6b06444703d44c289c5030bcc43a6316","children":[{"text":"Contenido: 96% Poliéster, 4% Elastano"}]},{"type":"li","attrs":{"style":{},"redactor-attributes":{"dirty":"true"}},"uid":"bfbb2c9d1574426386755e2ba6585ca9","children":[{"text":"Cuidado: Lavar a Mano y Secar al Aire"}]}]}]},"product_images":[]}}},{"recommended_products":{"show":true,"_metadata":{"uid":"csf9b7851fab558979"}}}],"product":{"data":[{"id":"25696709M","name":"Sleeveless Pleated Top.","price":74,"slugUrl":"https://zybx-009.dx.commercecloud.salesforce.com/s/RefArch/en-us/sleeveless-pleated-top/25696709M.html","c_cs_url":{"short":"/sleeveless-pleated-top/25696709M.html","full":"https://zybx-009.dx.commercecloud.salesforce.com/s/RefArch/en-us/sleeveless-pleated-top/25696709M.html"},"cs_metadata":{"multiConfigName":"SFCC-Category","isConfigDeleted":false}}],"type":"sfcc_product"},"seo":{"meta_title":"Top sin mangas plisado","meta_description":"Top sin mangas plisado","meta_keywords":"Top sin mangas plisado","meta_robots":"Top sin mangas plisado","canonical_url":"","meta_tags":[]},"tags":[],"title":"Top sin mangas plisado","url":"/sleeveless-pleated-top/25696709M.html","publish_details":[{"environment":"blt14797076e6b57fb6","locale":"es-us","time":"2025-10-09T20:05:41.992Z","user":"blt208bb0ce9c7fce90","version":4},{"environment":"blta17a7bb33eb73ca4","locale":"es-us","time":"2025-10-09T20:05:41.992Z","user":"blt208bb0ce9c7fce90","version":4}]},"blt14860fc46af4048a":{"locale":"es-us","uid":"blt14860fc46af4048a","ACL":{},"_in_progress":false,"_version":7,"components":[{"default_product_details":{"overwrite":true,"_metadata":{"uid":"csb0499ea4a6f58892"},"overwrite_product_details":{"product_name":"Nuevo Vestido Camisero Floral","product_description":{"uid":"851d635b9bcd4c25a32356efde19016c","type":"doc","_version":7,"attrs":{},"children":[{"type":"p","attrs":{"style":{},"redactor-attributes":{"dirty":"true"}},"uid":"2c5b2b4257584236ad1f4f30eb264d0e","children":[{"text":"Este elegante vestido camisero sin mangas con estampado floral presenta un patrón floral elegante que eleva cualquier conjunto sin esfuerzo. Diseñado para la versatilidad, se puede usar como atuendo de oficina elegante, un conjunto de día a noche o para ocasiones especiales como bodas. "}]}]},"product_details":{"uid":"e103b69ab8dd44f6988ec4a38592594c","type":"doc","_version":7,"attrs":{},"children":[{"type":"p","attrs":{"style":{},"redactor-attributes":{"dirty":"true"}},"uid":"65c699eccea64ec98e2e27b9c0d92810","children":[{"text":"Características"}]},{"type":"ul","attrs":{"style":{},"redactor-attributes":{"dirty":"true"}},"uid":"828dd40818f44013bf862b3ca669ef5f","children":[{"type":"li","attrs":{"style":{},"redactor-attributes":{"dirty":"true"}},"uid":"da7e64e52338459f8bd2d000731524b7","children":[{"text":"Patrón Floral"}]},{"type":"li","attrs":{"style":{},"redactor-attributes":{"dirty":"true"}},"uid":"be866e88d02f4c829583fd074737e9b1","children":[{"text":"Sin Mangas"}]},{"type":"li","attrs":{"style":{},"redactor-attributes":{"dirty":"true"}},"uid":"45f661023dce43cea94d79e3c0837e71","children":[{"text":"Ajuste Entallado"}]}]},{"type":"p","attrs":{"style":{},"redactor-attributes":{"dirty":"true"}},"uid":"d52862a62e8647ec8524727eabe161a4","children":[{"text":""}]},{"type":"p","attrs":{"style":{},"redactor-attributes":{"dirty":"true"}},"uid":"25117d3c2c3a4e55b17f986c10a6e9b1","children":[{"text":"Materiales y Cuidado"}]},{"type":"ul","attrs":{"style":{},"redactor-attributes":{"dirty":"true"}},"uid":"9dda348e8f9a4b349530baa2af73cbd9","children":[{"type":"li","attrs":{"style":{},"redactor-attributes":{"dirty":"true"}},"uid":"450e91deedac45f5882428b2751f03d5","children":[{"text":"Contenido: 82% Viscosa, 18% Lino"}]},{"type":"li","attrs":{"style":{},"redactor-attributes":{"dirty":"true"}},"uid":"6ca9951ebf43422d8b53ff089657ef7b","children":[{"text":"Cuidado: Lavar a Máquina en Frío, Secar a Baja Temperatura"}]}]}]},"product_images":[]}}},{"recommended_products":{"show":true,"_metadata":{"uid":"csa786dfafeb4ce098"}}}],"product":{"data":[{"id":"25688608M","name":"Floral Shirt Dress.","price":148,"slugUrl":"https://zybx-009.dx.commercecloud.salesforce.com/s/RefArch/en-us/floral-shirt-dress/25688608M.html","c_cs_url":{"short":"/s/RefArch/en-us/floral-shirt-dress/25688608M.html","full":"https://zybx-009.dx.commercecloud.salesforce.com/s/RefArch/en-us/floral-shirt-dress/25688608M.html"},"cs_metadata":{"multiConfigName":"SFCC-Category","isConfigDeleted":false}}],"type":"sfcc_product"},"seo":{"meta_title":"Vestido camisero floral","meta_description":"Vestido camisero floral","meta_keywords":"Vestido camisero floral","meta_robots":"Vestido camisero floral","canonical_url":"","meta_tags":[]},"tags":[],"title":"Vestido camisero floral","url":"/floral-shirt-dress/25688608M.html","publish_details":[{"environment":"blt14797076e6b57fb6","locale":"es-us","time":"2025-10-09T18:54:01.248Z","user":"blt208bb0ce9c7fce90","version":7},{"environment":"blta17a7bb33eb73ca4","locale":"es-us","time":"2025-10-09T18:54:01.248Z","user":"blt208bb0ce9c7fce90","version":7}]}}