{"blt56638ec5db8cb9b6":{"title":"About Us","url":"/about%20salesforce/about-us.html","sfra_content_id":"about-us","seo":{"meta_title":"about","meta_description":"about","meta_keywords":"about","meta_robots":"about","canonical_url":"","meta_tags":[]},"components":[{"banner":{"configuration":"page-specific","existing_banner":[{"uid":"blt24057f47ff2e235c","_content_type_uid":"hero_banner"}],"_metadata":{"uid":"cs8af4552209232864"},"inline_banner":{"title":"About Us","image":{"uid":"blt0da5db2b2ee58fb9","created_at":"2025-10-08T23:52:09.011Z","updated_at":"2025-10-08T23:52:09.011Z","created_by":"blt208bb0ce9c7fce90","updated_by":"blt208bb0ce9c7fce90","content_type":"image/jpeg","file_size":"1096141","tags":[],"filename":"AdobeStock_1392102845_copy.jpeg","url":"https://images.contentstack.io/v3/assets/bltaab330c7b38122af/blt0da5db2b2ee58fb9/68e6f9297ecb1f69de46053c/AdobeStock_1392102845_copy.jpeg","ACL":[],"is_dir":false,"parent_uid":null,"_version":1,"title":"AdobeStock_1392102845 copy.jpeg","publish_details":[{"environment":"blt14797076e6b57fb6","locale":"en-us","time":"2025-10-08T23:52:52.911Z","user":"blt208bb0ce9c7fce90","version":1},{"environment":"blta17a7bb33eb73ca4","locale":"en-us","time":"2025-10-08T23:52:52.911Z","user":"blt208bb0ce9c7fce90","version":1}]},"slant":"none","cta":{"link":{"title":"","href":""},"open_in_new_window":false,"type":null,"icon":null,"personalization_event_key":null}}}},{"general_content":{"title":"About Contentstack","_metadata":{"uid":"cs6a0b15fee7fc9acd"},"copy":{"type":"doc","attrs":{},"uid":"b80e900c4e9d4822918ac258aca2f8c6","children":[{"uid":"b95a195373aa4816b195c7492bd068da","type":"p","attrs":{},"children":[{"text":"Together at Contentstack, we're redefining what's possible in the digital space. ","italic":true}]},{"uid":"3dd4e0d3c08f4157ab2c6a8529131a9b","type":"p","attrs":{},"children":[{"text":""}]},{"uid":"db1ac123cc0d4fedb505ca933da09f91","type":"p","attrs":{},"children":[{"text":"Contentstack is the world's leading Composable Digital Experience Platform (DXP), empowering enterprises to deliver dynamic, personalized, and connected content across every channel. Recognized as a Leader in the Forrester Wave™ for Digital Experience Platforms, Contentstack unites the agility of a headless CMS with AI-driven automation, orchestration, and real-time insights -- helping brands accelerate time-to-market, streamline operations, and innovate without limits. "}]},{"uid":"e4467cf8318145abb3edc376d132d05c","type":"p","attrs":{},"children":[{"text":""}]},{"uid":"42bfa1d6f8a248bc860bd42f489542a1","type":"p","attrs":{},"children":[{"text":"We're more than just a platform -- we're a partner. Guided by visionary leadership and fueled by diverse perspectives, we help global enterprises collaborate seamlessly, scale with confidence, and future-proof their digital ecosystems. From fostering innovation and inclusivity to giving back to our communities, everything we do is driven by purpose and focused on creating meaningful connections. "}]},{"uid":"6749bdc7fb5e4b89bfef20626601f30e","type":"p","attrs":{},"children":[{"text":""}]},{"uid":"90b557a14d6c4bf2a0a7fc4ca7d9e3b9","type":"p","attrs":{},"children":[{"text":"Trusted by the world's most iconic companies, Contentstack combines enterprise-grade security, multi-cloud flexibility, and unmatched customer care to redefine what's possible in digital experience management. With Contentstack, the future of content and commerce is faster, smarter, and more adaptable than ever."}]},{"uid":"85ee611d8a8b4f3fac021f571d2174ec","type":"p","attrs":{},"children":[{"text":""}]},{"uid":"5879e6f02e5d4258aff6a1a6d8be7123","type":"h2","attrs":{},"children":[{"text":"About Salesforce Commerce Cloud (SFCC)"}]},{"uid":"cfaa336dd87a48a5bca79792c0416434","type":"p","attrs":{},"children":[{"text":""}]},{"uid":"ba89e4dcb4734ddf9067e8fce9571663","type":"p","attrs":{},"children":[{"text":"It all started with a series of observations: "}]},{"uid":"396038a8dd71466993b5e330dd174bab","type":"ul","children":[{"uid":"dcc74a3920a74196b05023d11a19f4c7","type":"li","attrs":{},"children":[{"text":"eCommerce merchandising and marketing innovation is what generates revenue, yet most operations are spending 80% of their budgets simply maintaining current infrastructure."}]},{"uid":"83447f933eac4ab6bb7389354cd03a89","type":"li","children":[{"text":"The pace of eCommerce accelerates daily, yet most operations are scrambling only to stand still."}],"attrs":{}},{"uid":"2445339034264775bf6fbe4ff73d94ac","type":"li","children":[{"text":"Merchandisers and marketers are supremely frustrated, spending more time chasing outsourced providers and internal IT organizations than actually merchandising and marketing their own businesses."}],"attrs":{}}],"attrs":{}},{"uid":"3d055ccafa8545c8886ec90efb0cdd53","type":"p","children":[{"text":""}],"attrs":{}},{"uid":"6a29d45a8b9740408a5e89074855a388","type":"p","attrs":{},"children":[{"text":"There had to be a better way"}]},{"uid":"688fb2ff90a6447082d710fa38b1f7e2","type":"p","attrs":{},"children":[{"text":"So in 2004, we set out to find it. The vision -- then and now -- was clear: bring to market an enterprise-class eCommerce solution that would put more power and innovation in the hands of merchandisers and at the same time would remove the technical costs, risks and complexities of running an eCommerce operation. We took what we knew of great eCommerce merchandising (our founders have been in eCommerce since 1994) and applied to it the then-emerging advancements in Software-as-a-Service (SaaS) Architecture and dynamic grid computing. Then we just worked hard. We stayed up late. We drank lots of coffee. And ultimately, in late 2005, we delivered the market's first-on-demand enterprise eCommerce Platform. "}]},{"uid":"6129f31812904745b508b668d8d64e7e","type":"p","attrs":{},"children":[{"text":""}]},{"uid":"61ba1622444543d7b157bce20b3cb3a9","type":"p","attrs":{},"children":[{"text":"Our customers could not be happier with the results"}]},{"uid":"29a17487e8c4417581cbd278a46fc483","type":"p","attrs":{},"children":[{"text":"With Salesforce eCommerce, they're spending more time leading with merchandising and marketing. They're in complete control of their site, making changes and launching new storefronts whenever they like. They're spending more time developing their own proprietary innovations (versus building commodity functionality). They receive new software upgrades from Salesforce continuously. And they never ever worry about site uptime, availability, and security. "}]},{"uid":"2b8a65e56dc3440fb262c1ed12c95a57","type":"p","attrs":{},"children":[{"text":""}]},{"uid":"493a64a27f9c4774bba4f2a67f945df8","type":"p","attrs":{},"children":[{"text":"In short, they're free. Free to merchandise. Free to grow. Free to innovate. Free to change. Isn't that how eCommerce is supposed to be?"}]},{"uid":"459a50308580408aa8286ff96d3fdee8","type":"p","attrs":{},"children":[{"text":"For more information please browse our "},{"type":"a","attrs":{"url":"https://www.salesforce.com/products/what-is-salesforce/","target":"_self"},"children":[{"text":"About Us"}],"uid":"31cf9b368f6b4cc89d90fc77c42138fe"},{"text":" and "},{"type":"a","attrs":{"url":"https://www.salesforce.com/service/what-is-customer-service-software/","target":"_self"},"children":[{"text":"Customer Service"}],"uid":"4cf88e7079ef4649973aca3b1324e255"},{"text":" pages."}]}],"_version":7}}}],"tags":[],"locale":"en-us","uid":"blt56638ec5db8cb9b6","ACL":{},"_version":7,"_in_progress":false,"publish_details":[{"environment":"blt14797076e6b57fb6","locale":"es-us","time":"2025-10-09T16:25:33.409Z","user":"blt208bb0ce9c7fce90","version":3,"entry_locale":"es-us"},{"environment":"blta17a7bb33eb73ca4","locale":"es-us","time":"2025-10-09T16:25:33.409Z","user":"blt208bb0ce9c7fce90","version":3,"entry_locale":"es-us"},{"environment":"blt14797076e6b57fb6","locale":"en-us","time":"2025-10-09T16:21:22.461Z","user":"blt208bb0ce9c7fce90","version":7},{"environment":"blta17a7bb33eb73ca4","locale":"en-us","time":"2025-10-09T16:21:22.461Z","user":"blt208bb0ce9c7fce90","version":7}]},"blt6eea6124e45e7630":{"title":"Terms and Conditions","url":"/customer%20service/terms%20%26%20conditions/terms.html","sfra_content_id":"terms","seo":{"meta_title":"Terms and Conditions","meta_description":"Terms and Conditions","meta_keywords":"Terms and Conditions","meta_robots":"Terms and Conditions","canonical_url":"","meta_tags":[]},"components":[{"banner":{"configuration":"page-specific","existing_banner":[{"uid":"blt24057f47ff2e235c","_content_type_uid":"hero_banner"}],"_metadata":{"uid":"cs98e52400ef2dc22c"},"inline_banner":{"title":"Terms & Conditions","image":{"uid":"blt25ec21df9bd6b4e1","created_at":"2025-10-08T22:00:01.872Z","updated_at":"2025-10-08T22:03:23.951Z","created_by":"blt208bb0ce9c7fce90","updated_by":"blt208bb0ce9c7fce90","content_type":"image/jpeg","file_size":"3925082","tags":[],"filename":"AdobeStock_305928424_copy.jpeg","url":"https://images.contentstack.io/v3/assets/bltaab330c7b38122af/blt25ec21df9bd6b4e1/68e6dfabb5c8cb0b7814ce1d/AdobeStock_305928424_copy.jpeg","ACL":[],"is_dir":false,"parent_uid":null,"_version":2,"title":"MVP Terms & Conditions Banner (Small).jpeg","description":"","publish_details":[{"environment":"blt14797076e6b57fb6","locale":"en-us","time":"2025-10-08T22:05:13.040Z","user":"blt208bb0ce9c7fce90","version":2},{"environment":"blta17a7bb33eb73ca4","locale":"en-us","time":"2025-10-08T22:05:13.040Z","user":"blt208bb0ce9c7fce90","version":2},{"environment":"blt14797076e6b57fb6","locale":"es-us","time":"2025-10-08T23:47:35.629Z","user":"blt208bb0ce9c7fce90","version":2},{"environment":"blta17a7bb33eb73ca4","locale":"es-us","time":"2025-10-08T23:47:35.629Z","user":"blt208bb0ce9c7fce90","version":2}]},"slant":"none","cta":{"link":{"title":"","href":""},"open_in_new_window":false,"type":null,"icon":null,"personalization_event_key":null}}}},{"general_content":{"title":"About Contentstack","_metadata":{"uid":"cs6018d3b231adf2b6"},"copy":{"uid":"3a60526afd454c73987deef57878bfb3","type":"doc","attrs":{},"children":[{"uid":"df4d2d3622ee408b9292edc467df519d","type":"p","attrs":{},"children":[{"text":"For Contentstack Terms & Conditions, please visit "},{"uid":"9c5d3bade4dc435da429cdae3dd41633","type":"a","attrs":{"url":"https://www.contentstack.com/legal/terms-of-service","target":"_self"},"children":[{"text":"Contentstack Terms of Service"}]},{"text":"."}]},{"uid":"a5d6e56c9438417a9c8fc3a71e1842ca","type":"p","attrs":{},"children":[{"text":""}]},{"uid":"f50c350cedd64568b56f7f7ad966773c","type":"p","attrs":{},"children":[{"text":"ATTENTION: These terms of use set forth the basis on which you are permitted to access and use this website, salesforce.com/products/commerce-cloud (the \"Website\"). Please read the terms of use carefully before using the Website. By accessing and using the Website in any way, including, without limitation, browsing the Website, you agree to and are bound by the terms of use described herein. If you do not agree to all of the terms and conditions contained herein, do not use the Website in any manner."}]},{"uid":"f0606e32c3594a31995bb12a86d311e2","type":"h2","attrs":{},"children":[{"text":"OWNERSHIP"}]},{"uid":"cc335ddab3054b318564eb3c5b15d743","type":"p","attrs":{},"children":[{"text":"All copyrights and other intellectual property rights in the Website, including without limitation all software and written and graphical content included in the Website, are owned by Salesforce, Inc. (\"Salesforce\") and are hereby reserved."}]},{"uid":"795e158d56d94498994a97d72e1089a5","type":"h2","attrs":{},"children":[{"text":"USE OF WEBSITE AND DOCUMENTS"}]},{"uid":"a417b9b6c9b84d7885690031c4ffbb55","type":"p","attrs":{},"children":[{"text":"Salesforce hereby authorizes you to make a single copy of the content displayed on the Website for your use in learning about, evaluating or acquiring Salesforce services or products, provided (i) you mark such copy \"© 2016 Salesforce, Inc. All rights reserved.\"; (ii) the use of such copy is for informational and non-commercial or personal use and will not be copied or posted on any network computer or broadcast in any media; and (iii) no modifications to such copy are made. No other permission is granted to you to print, copy, reproduce, distribute, transmit, upload, download, store, perform, display in public, alter, or modify the content contained on the Website. Accredited educational institutions, such as K-12, universities and colleges, may download and reproduce the content displayed on the Website for distribution in the classroom. Distribution outside the classroom requires express written permission. Use for any other purpose is expressly prohibited by law, and may result in severe civil and criminal penalties. Violators will be prosecuted to the maximum extent possible. The Website may contain email services, bulletin board services, forums, communities, and/or other message or communication facilities designed to enable you to communicate with others (collectively \"Communication Services\"). You agree to use the Communication Services only to post, send and receive messages and material that are proper. By way of example, and not as a limitation, you agree that when using the Communication Services or the Website, you will not (i) use them in connection with surveys, contests, pyramid schemes, chain letters, junk email, spamming or any duplicative or unsolicited messages; (ii) defame, abuse, harass, threaten or otherwise violate the legal rights of others; (iii) publish, post, upload, distribute or disseminate any inappropriate, profane, defamatory, obscene, pornographic, racist, lewd, lascivious, excessively violent, harassing, unlawful, or otherwise objectionable topic, name, material or information; (iv) upload, or otherwise make available, files that contain material protected by intellectual property laws unless you own or control the rights thereto or have received all necessary consent to do the same; (v) advertise or offer to sell or buy any goods or services for any business purpose, unless such Communication Services specifically allows such messages; (vi) restrict or inhibit any other user from using and enjoying the Communication Services or the Website; (vii) harvest or otherwise collect information about others, including email addresses; or (viii) violate any applicable laws or regulations. Salesforce has no obligation to monitor the Website or Communication Services. However, Salesforce reserves the right to review materials posted to the Website and the Communication Services and to remove and/or edit any materials in its sole discretion. Salesforce reserves the right to terminate your access to the Website and the Communication Services at any time, without notice, for any reason whatsoever. Salesforce reserves the right at all times to disclose any information as it deems necessary to satisfy any applicable law, regulation, legal process or governmental request, or to edit, refuse to post or to remove any information or materials, in whole or in part, in Salesforce's sole discretion."}]},{"uid":"4962872faba144abb13e3fb0c63cc976","type":"h2","attrs":{},"children":[{"text":"TRADEMARKS/COPYRIGHTS"}]},{"uid":"554753456f794eb9bafd6f9a0cb25c51","type":"p","attrs":{},"children":[{"text":"Salesforce ®, Salesforce eCommerce (SM), the Salesforce logo, and any other marks used on the Website are trademarks of Salesforce or their respective owners. Such marks may not be used without the prior written consent of Salesforce. Any use of those marks, or any others displayed on the Website, will inure solely to the benefit of their respective owners."}]},{"uid":"03e6cdd7aa764bb28466739738403778","type":"p","attrs":{},"children":[{"text":"Copyright Notice. Copyright © 2004-2016 Salesforce, Inc. All rights reserved."}]},{"uid":"bf3fbe6ef23b4fb9b043cab608bcc83a","type":"h2","attrs":{},"children":[{"text":"UNSOLICITED SUBMISSION POLICY"}]},{"uid":"5e673d1c32fb48b3ae6d72c02397df56","type":"p","attrs":{},"children":[{"text":"Salesforce does not accept or consider unsolicited ideas, suggestions, materials or other information (all of the foregoing being \"Submissions\"). The purpose for this policy is to avoid misunderstandings or disputes with respect to the origin of ideas, products, services and strategies of Salesforce. Please do not send your unsolicited Submissions to Salesforce or anyone at Salesforce. In the event that you disregard this policy and post, upload, input, provide, submit or otherwise make a Submission to Salesforce, (i) you will be granting Salesforce and its affiliates permission to use your Submission in connection with the operation of its businesses (the \"License\"), including, without limitation, the right to copy, distribute, display, edit, reproduce, translate and reformat your Submission for both commercial and non-commercial purposes, (ii) you warrant and represent that you own or otherwise control all of the rights to your Submission, including, without limitation, the rights necessary to grant the License and (iii) any such Submissions will be considered non confidential and non proprietary communications. No compensation will be paid with respect to your Submission. Salesforce will not be subject to any obligation of confidence with respect to your Submission."}]},{"uid":"03cf3329c8d7421695c015997c339b04","type":"h2","attrs":{},"children":[{"text":"NO UNLAWFUL OR PROHIBITED USE"}]},{"uid":"3eb37630c97046829f3d92294b6cce66","type":"p","attrs":{},"children":[{"text":"You may not use the Website for any purpose that is unlawful or prohibited by the terms and conditions provided herein. You may not use the Website in any manner that could damage, disable, overburden or otherwise impair any Salesforce server or the networks connected to any Salesforce server, or interfere with any other person's use and enjoyment of the Website. You may not attempt to gain unauthorized access to the Website or the computer systems or networks connected to any Salesforce server through any means. You may not obtain any materials or information through any means not intentionally made available to you through the Website."}]},{"uid":"3d9e6cd3efcc4c5182f01fd1b7573e56","type":"h2","attrs":{},"children":[{"text":"LINKS"}]},{"uid":"36f2ed85c92f49419b683e761c93c8d4","type":"p","attrs":{},"children":[{"text":"Any links to third party websites are provided for your convenience only, and Salesforce makes no recommendation or endorsement as to such websites or the products or services offered thereon."}]},{"uid":"5b426f0f7b49495dacdf2c01ac7cbd92","type":"p","attrs":{},"children":[{"text":"You may link to the Salesforce Website, unless notified otherwise in writing by Salesforce. However, you may not frame the Website in a manner that may cause confusion to Salesforce customers, nor may you interfere or attempt to interfere in any way with the operation of the Website, including without limitation through data mining, the use of any robot, scraper or other automated device, or circumvention or attempted circumvention of any website security features."}]},{"uid":"deba521e57c6460b9aad1ecf8917ced1","type":"h2","attrs":{},"children":[{"text":"SPAM EMAIL AND POSTINGS"}]},{"uid":"06e91578184f43b4b63659828a84d8c7","type":"p","attrs":{},"children":[{"text":"You agree that Salesforce would be irreparably harmed by the use, by you or others, of the Website or facilities in connection with the transmission of spam, newsgroup postings or unsolicited email in violation of the terms of use as provided herein, and that Salesforce is entitled to obtain injunctive relief against any such transmission (in addition to all other remedies available at law or in equity). Salesforce reserves the right to block, filter or delete unsolicited email."}]},{"uid":"3796303512ed42c69370fe4f09a0406a","type":"h2","attrs":{},"children":[{"text":"U.S. EXPORT ADMINISTRATION LAWS AND REGULATIONS"}]},{"uid":"4656fd45c4614930a85e1f7f8d795fb6","type":"p","attrs":{},"children":[{"text":"You acknowledge and agree that material on the Website is subject to the U.S. Export Administration Laws and Regulations. Diversion of such material contrary to U.S. law is prohibited. You agree that none of the material on the Website, nor any direct product therefrom, is being or will be acquired for, shipped, transferred, or re-exported, directly or indirectly, to proscribed or embargoed countries or their nationals, nor be used for nuclear activities, chemical biological weapons, or missile projects unless authorized by the U.S. Government. You certify that you are not on the U.S. Department of Commerce's Denied Persons List or affiliated lists or on the U.S. Department of Treasury's Specially Designated Nationals List. You agree to comply strictly with all U.S. export laws and assume sole responsibility for obtaining licenses to export or re-export as may be required."}]},{"uid":"82d5ff6d6a284e27bee79d3b01604661","type":"h2","attrs":{},"children":[{"text":"DISCLAIMER"}]},{"uid":"77a69be7632b442c9b771dcc45d8f4d6","type":"p","attrs":{},"children":[{"text":"THE CONTENT CONTAINED IN THE WEBSITE IS PROVIDED BY COMMERCE CLOUD FOR GENERAL INFORMATIONAL PURPOSES ONLY AND DOES NOT CONSTITUTE A SPECIFIC RECOMMENDATION OR ADVICE. SUCH CONTENT IS PROVIDED \"AS IS\" WITHOUT WARRANTY OF ANY KIND, EXPRESS OR IMPLIED, AND IS SUBJECT TO CHANGE WITHOUT NOTICE. YOUR USE OF THE WEBSITE IS AT YOUR SOLE RISK, AND YOU ASSUME ALL LIABILITY IN RELATION TO IT."}]},{"uid":"30d7fa1a846b43548b55eacc953a9c66","type":"p","attrs":{},"children":[{"text":"ANY INFORMATION OR ADVICE PROVIDED THROUGH THE WEBSITE THAT IS RELATED TO SUPPORT OF COMMERCE CLOUD SOFTWARE PRODUCTS IS SUBJECT TO THE TERMS AND CONDITIONS OF THE LICENSE AND SUPPORT AGREEMENT BETWEEN YOU AND COMMERCE CLOUD, AND NOT TO THESE TERMS OF USE."}]},{"uid":"9d96ef6cc8a7452bae2a519cdbecdfff","type":"p","attrs":{},"children":[{"text":"ANY MENTION IN THE WEBSITE OF NON COMMERCE CLOUD PRODUCTS OR SERVICES IS FOR INFORMATION PURPOSES ONLY AND CONSTITUTES NEITHER AN ENDORSEMENT NOR A RECOMMENDATION."}]},{"uid":"9966cda9326840638ee393c9213c710a","type":"h2","attrs":{},"children":[{"text":"LIMITATION ON LIABILITY"}]},{"uid":"1289a578968f4e138eade354f9810ead","type":"p","attrs":{},"children":[{"text":"AS CONSIDERATION FOR YOUR USE OF AND ACCESS TO THE WEBSITE, AND TO THE MAXIMUM EXTENT PERMITTED BY LAW, YOU AGREE THAT: (i) IN NO EVENT WILL COMMERCE CLOUD OR ANY OTHER PARTY INVOLVED IN CREATING, PRODUCING, OR DELIVERING THE WEBSITE OR ANY SITE LINKED TO THE WEBSITE, BE LIABLE TO YOU IN ANY MANNER WHATSOEVER FOR ANY DECISION MADE OR ACTION OR NON-ACTION TAKEN BY YOU IN RELIANCE UPON THE INFORMATION PROVIDED THROUGH THE WEBSITE; AND (ii) THE AGGREGATE LIABILITY OF COMMERCE CLOUD OR ANY OF ITS DISTRIBUTORS OR DEALERS, ARISING FROM OR RELATING TO THIS AGREEMENT (REGARDLESS OF THE FORM OF ACTION OR CLAIM, e.g. CONTRACT, WARRANTY, TORT, STRICT LIABILITY, NEGLIGENCE, FRAUD, AND/OR OTHERWISE) IS LIMITED TO $100; AND (iii) COMMERCE CLOUD SHALL NOT IN ANY CASE BE LIABLE FOR ANY DIRECT, INDIRECT, SPECIAL, INCIDENTAL, CONSEQUENTIAL, OR PUNITIVE DAMAGES, EVEN IF COMMERCE CLOUD HAS BEEN ADVISED OF THE POSSIBILITY OF SUCH DAMAGES."}]},{"uid":"ce446588827b457190e51c73bd82f6d2","type":"p","attrs":{},"children":[{"text":"Some jurisdictions do not allow the exclusion of implied warranties, so the above exclusion may not apply to you."}]},{"uid":"5755637b10ea42c281ca15be18535f1c","type":"h2","attrs":{},"children":[{"text":"NOTICES OF COPYRIGHT INFRINGEMENT"}]},{"uid":"ce86ffb93cc8439196db53b54862e2a3","type":"p","attrs":{},"children":[{"text":"If you believe that material posted on the Website infringes your copyright, you should provide notice of such infringement to the following person, who is Salesforce's designated agent for the purposes of the Digital Millennium Copyright Act (17 U.S.C. 512):"}]},{"uid":"107d5fb788d94b7ba33495d1a09f632e","type":"p","attrs":{},"children":[{"text":"Salesforce, Inc.\n5 Wall St\nBurlington, MA 01803, USA"}]},{"uid":"c4acc548f81b44469c799e24393f02b0","type":"h2","attrs":{},"children":[{"text":"ENTIRE AGREEMENT"}]},{"uid":"4693e6ccf26b4dc6bf184bfc74ff7bd9","type":"p","attrs":{},"children":[{"text":"These terms of use are the entire agreement between you and Salesforce in relation to your use of the Website, and all other representations or discussions are hereby excluded from this agreement. If any part of these terms are held to be invalid or unenforceable, the remaining provisions shall remain in full force and effect. Salesforce's failure to insist on or enforce strict performance of these terms shall not constitute a waiver of any breach or any future breaches thereof."}]},{"uid":"7fba11d7903b4e1eb60bf5f2595afdbe","type":"h2","attrs":{},"children":[{"text":"GOVERNING LAW AND JURISDICTION"}]},{"uid":"54f7d57868c64250b7a65be1d9936d7f","type":"p","attrs":{},"children":[{"text":"The Website is controlled and operated from within the United States, and Salesforce does not represent that the Website is appropriate for use outside the United States. If you access the Website from outside the United States, you are responsible for compliance with any applicable local law. Your use of the Website shall be governed in all respects by the laws of the Commonwealth of Massachusetts, USA, without regard to choice of law provisions, and not by the United Nations Convention on Contracts for the International Sale of Goods. You agree that jurisdiction over and venue in any proceeding directly or indirectly arising out of or relating to the Website shall be in the state or federal courts located in Suffolk County or Middlesex County, Massachusetts."}]}],"_version":4}}}],"tags":[],"locale":"en-us","uid":"blt6eea6124e45e7630","ACL":{},"_version":4,"_in_progress":false,"publish_details":[{"environment":"blt14797076e6b57fb6","locale":"es-us","time":"2025-10-08T23:47:35.446Z","user":"blt208bb0ce9c7fce90","version":3,"entry_locale":"es-us"},{"environment":"blta17a7bb33eb73ca4","locale":"es-us","time":"2025-10-08T23:47:35.446Z","user":"blt208bb0ce9c7fce90","version":3,"entry_locale":"es-us"},{"environment":"blt14797076e6b57fb6","locale":"en-us","time":"2025-10-08T22:05:12.852Z","user":"blt208bb0ce9c7fce90","version":4},{"environment":"blta17a7bb33eb73ca4","locale":"en-us","time":"2025-10-08T22:05:12.852Z","user":"blt208bb0ce9c7fce90","version":4}]}}