{"blt94c0a8b5ad993b6d":{"title":"Header","promotional_bar_configuration":{"configuration":"page-specific","existing_promotional_bar":[{"uid":"blt07dc52c1f67d156d","_content_type_uid":"promotional_bar"}],"announcement":{"type":"doc","attrs":{},"uid":"260b732d1df94edab58c83113febe9f4","children":[{"uid":"0f1dc14ae23242dc9de73aa5543b6fd1","type":"p","attrs":{},"children":[{"text":"FREE 2-Day Shipping for Orders Over $200 | "},{"uid":"9597925c37a54d6aa6b81a179cc46ff3","type":"a","attrs":{"url":"https://www.contentstack.com/","target":"_blank"},"children":[{"text":"Shop Now ->"}]},{"text":" "}]}],"_version":1}},"logo":{"uid":"blt64ca4e51dea3a735","created_at":"2025-10-01T18:50:38.144Z","updated_at":"2025-10-01T18:50:38.144Z","created_by":"blt3ca5c3594d4a2916","updated_by":"blt3ca5c3594d4a2916","content_type":"image/png","file_size":"9076","tags":[],"filename":"Contentstack_Logo.png","url":"https://images.contentstack.io/v3/assets/bltaab330c7b38122af/blt64ca4e51dea3a735/68dd77fe9355330b8ea00fb4/Contentstack_Logo.png","ACL":[],"is_dir":false,"parent_uid":null,"_version":1,"title":"Contentstack_Logo.png","publish_details":[{"environment":"blt14797076e6b57fb6","locale":"en-us","time":"2025-10-01T19:14:26.512Z","user":"blt3ca5c3594d4a2916","version":1},{"environment":"blta17a7bb33eb73ca4","locale":"en-us","time":"2025-10-01T19:14:26.512Z","user":"blt3ca5c3594d4a2916","version":1},{"environment":"blt14797076e6b57fb6","locale":"es-us","time":"2025-10-01T19:14:26.786Z","user":"blt3ca5c3594d4a2916","version":1},{"environment":"blta17a7bb33eb73ca4","locale":"es-us","time":"2025-10-01T19:14:26.786Z","user":"blt3ca5c3594d4a2916","version":1}]},"header_resources":{"login_link_label":"Login To Account","login_button_label":"Login Button","my_account_label":"My Account NEW","my_account_profile_label":"My Account","my_orders_label":"My Orders CS","logout_label":"Log Out"},"tags":[],"locale":"en-us","uid":"blt94c0a8b5ad993b6d","ACL":{},"_version":1,"_in_progress":false,"publish_details":[{"environment":"blt14797076e6b57fb6","locale":"es-us","time":"2025-10-01T19:14:26.543Z","user":"blt3ca5c3594d4a2916","version":2,"entry_locale":"es-us"},{"environment":"blta17a7bb33eb73ca4","locale":"es-us","time":"2025-10-01T19:14:26.543Z","user":"blt3ca5c3594d4a2916","version":2,"entry_locale":"es-us"},{"environment":"blt14797076e6b57fb6","locale":"en-us","time":"2026-01-06T19:14:03.166Z","user":"bltfc7446948990d3af","version":1},{"environment":"blta17a7bb33eb73ca4","locale":"en-us","time":"2026-01-06T19:14:03.166Z","user":"bltfc7446948990d3af","version":1}]}}